prompt_id,polarity,category,concept,concept_id,template_id,template,prompt
positive__tissue_compartment__epithelial_tissue__t0,positive,tissue_compartment,epithelial tissue,epithelial_tissue,0,a hematoxylin and eosin histopathology image showing {concept},a hematoxylin and eosin histopathology image showing epithelial tissue
positive__tissue_compartment__epithelial_tissue__t1,positive,tissue_compartment,epithelial tissue,epithelial_tissue,1,an H&E stained histology image showing {concept},an H&E stained histology image showing epithelial tissue
positive__tissue_compartment__epithelial_tissue__t2,positive,tissue_compartment,epithelial tissue,epithelial_tissue,2,a pathology image of tissue with {concept},a pathology image of tissue with epithelial tissue
positive__tissue_compartment__epithelial_tissue__t3,positive,tissue_compartment,epithelial tissue,epithelial_tissue,3,a microscopic histopathology image demonstrating {concept},a microscopic histopathology image demonstrating epithelial tissue
positive__tissue_compartment__epithelial_tissue__t4,positive,tissue_compartment,epithelial tissue,epithelial_tissue,4,a digital pathology image containing {concept},a digital pathology image containing epithelial tissue
positive__tissue_compartment__tumor_epithelium__t0,positive,tissue_compartment,tumor epithelium,tumor_epithelium,0,a hematoxylin and eosin histopathology image showing {concept},a hematoxylin and eosin histopathology image showing tumor epithelium
positive__tissue_compartment__tumor_epithelium__t1,positive,tissue_compartment,tumor epithelium,tumor_epithelium,1,an H&E stained histology image showing {concept},an H&E stained histology image showing tumor epithelium
positive__tissue_compartment__tumor_epithelium__t2,positive,tissue_compartment,tumor epithelium,tumor_epithelium,2,a pathology image of tissue with {concept},a pathology image of tissue with tumor epithelium
positive__tissue_compartment__tumor_epithelium__t3,positive,tissue_compartment,tumor epithelium,tumor_epithelium,3,a microscopic histopathology image demonstrating {concept},a microscopic histopathology image demonstrating tumor epithelium
positive__tissue_compartment__tumor_epithelium__t4,positive,tissue_compartment,tumor epithelium,tumor_epithelium,4,a digital pathology image containing {concept},a digital pathology image containing tumor epithelium
positive__tissue_compartment__benign_epithelial_tissue__t0,positive,tissue_compartment,benign epithelial tissue,benign_epithelial_tissue,0,a hematoxylin and eosin histopathology image showing {concept},a hematoxylin and eosin histopathology image showing benign epithelial tissue
positive__tissue_compartment__benign_epithelial_tissue__t1,positive,tissue_compartment,benign epithelial tissue,benign_epithelial_tissue,1,an H&E stained histology image showing {concept},an H&E stained histology image showing benign epithelial tissue
positive__tissue_compartment__benign_epithelial_tissue__t2,positive,tissue_compartment,benign epithelial tissue,benign_epithelial_tissue,2,a pathology image of tissue with {concept},a pathology image of tissue with benign epithelial tissue
positive__tissue_compartment__benign_epithelial_tissue__t3,positive,tissue_compartment,benign epithelial tissue,benign_epithelial_tissue,3,a microscopic histopathology image demonstrating {concept},a microscopic histopathology image demonstrating benign epithelial tissue
positive__tissue_compartment__benign_epithelial_tissue__t4,positive,tissue_compartment,benign epithelial tissue,benign_epithelial_tissue,4,a digital pathology image containing {concept},a digital pathology image containing benign epithelial tissue
positive__tissue_compartment__normal_glandular_epithelium__t0,positive,tissue_compartment,normal glandular epithelium,normal_glandular_epithelium,0,a hematoxylin and eosin histopathology image showing {concept},a hematoxylin and eosin histopathology image showing normal glandular epithelium
positive__tissue_compartment__normal_glandular_epithelium__t1,positive,tissue_compartment,normal glandular epithelium,normal_glandular_epithelium,1,an H&E stained histology image showing {concept},an H&E stained histology image showing normal glandular epithelium
positive__tissue_compartment__normal_glandular_epithelium__t2,positive,tissue_compartment,normal glandular epithelium,normal_glandular_epithelium,2,a pathology image of tissue with {concept},a pathology image of tissue with normal glandular epithelium
positive__tissue_compartment__normal_glandular_epithelium__t3,positive,tissue_compartment,normal glandular epithelium,normal_glandular_epithelium,3,a microscopic histopathology image demonstrating {concept},a microscopic histopathology image demonstrating normal glandular epithelium
positive__tissue_compartment__normal_glandular_epithelium__t4,positive,tissue_compartment,normal glandular epithelium,normal_glandular_epithelium,4,a digital pathology image containing {concept},a digital pathology image containing normal glandular epithelium
positive__tissue_compartment__stromal_tissue__t0,positive,tissue_compartment,stromal tissue,stromal_tissue,0,a hematoxylin and eosin histopathology image showing {concept},a hematoxylin and eosin histopathology image showing stromal tissue
positive__tissue_compartment__stromal_tissue__t1,positive,tissue_compartment,stromal tissue,stromal_tissue,1,an H&E stained histology image showing {concept},an H&E stained histology image showing stromal tissue
positive__tissue_compartment__stromal_tissue__t2,positive,tissue_compartment,stromal tissue,stromal_tissue,2,a pathology image of tissue with {concept},a pathology image of tissue with stromal tissue
positive__tissue_compartment__stromal_tissue__t3,positive,tissue_compartment,stromal tissue,stromal_tissue,3,a microscopic histopathology image demonstrating {concept},a microscopic histopathology image demonstrating stromal tissue
positive__tissue_compartment__stromal_tissue__t4,positive,tissue_compartment,stromal tissue,stromal_tissue,4,a digital pathology image containing {concept},a digital pathology image containing stromal tissue
positive__tissue_compartment__fibrous_stroma__t0,positive,tissue_compartment,fibrous stroma,fibrous_stroma,0,a hematoxylin and eosin histopathology image showing {concept},a hematoxylin and eosin histopathology image showing fibrous stroma
positive__tissue_compartment__fibrous_stroma__t1,positive,tissue_compartment,fibrous stroma,fibrous_stroma,1,an H&E stained histology image showing {concept},an H&E stained histology image showing fibrous stroma
positive__tissue_compartment__fibrous_stroma__t2,positive,tissue_compartment,fibrous stroma,fibrous_stroma,2,a pathology image of tissue with {concept},a pathology image of tissue with fibrous stroma
positive__tissue_compartment__fibrous_stroma__t3,positive,tissue_compartment,fibrous stroma,fibrous_stroma,3,a microscopic histopathology image demonstrating {concept},a microscopic histopathology image demonstrating fibrous stroma
positive__tissue_compartment__fibrous_stroma__t4,positive,tissue_compartment,fibrous stroma,fibrous_stroma,4,a digital pathology image containing {concept},a digital pathology image containing fibrous stroma
positive__tissue_compartment__desmoplastic_stroma__t0,positive,tissue_compartment,desmoplastic stroma,desmoplastic_stroma,0,a hematoxylin and eosin histopathology image showing {concept},a hematoxylin and eosin histopathology image showing desmoplastic stroma
positive__tissue_compartment__desmoplastic_stroma__t1,positive,tissue_compartment,desmoplastic stroma,desmoplastic_stroma,1,an H&E stained histology image showing {concept},an H&E stained histology image showing desmoplastic stroma
positive__tissue_compartment__desmoplastic_stroma__t2,positive,tissue_compartment,desmoplastic stroma,desmoplastic_stroma,2,a pathology image of tissue with {concept},a pathology image of tissue with desmoplastic stroma
positive__tissue_compartment__desmoplastic_stroma__t3,positive,tissue_compartment,desmoplastic stroma,desmoplastic_stroma,3,a microscopic histopathology image demonstrating {concept},a microscopic histopathology image demonstrating desmoplastic stroma
positive__tissue_compartment__desmoplastic_stroma__t4,positive,tissue_compartment,desmoplastic stroma,desmoplastic_stroma,4,a digital pathology image containing {concept},a digital pathology image containing desmoplastic stroma
positive__tissue_compartment__loose_connective_tissue__t0,positive,tissue_compartment,loose connective tissue,loose_connective_tissue,0,a hematoxylin and eosin histopathology image showing {concept},a hematoxylin and eosin histopathology image showing loose connective tissue
positive__tissue_compartment__loose_connective_tissue__t1,positive,tissue_compartment,loose connective tissue,loose_connective_tissue,1,an H&E stained histology image showing {concept},an H&E stained histology image showing loose connective tissue
positive__tissue_compartment__loose_connective_tissue__t2,positive,tissue_compartment,loose connective tissue,loose_connective_tissue,2,a pathology image of tissue with {concept},a pathology image of tissue with loose connective tissue
positive__tissue_compartment__loose_connective_tissue__t3,positive,tissue_compartment,loose connective tissue,loose_connective_tissue,3,a microscopic histopathology image demonstrating {concept},a microscopic histopathology image demonstrating loose connective tissue
positive__tissue_compartment__loose_connective_tissue__t4,positive,tissue_compartment,loose connective tissue,loose_connective_tissue,4,a digital pathology image containing {concept},a digital pathology image containing loose connective tissue
positive__tissue_compartment__smooth_muscle_tissue__t0,positive,tissue_compartment,smooth muscle tissue,smooth_muscle_tissue,0,a hematoxylin and eosin histopathology image showing {concept},a hematoxylin and eosin histopathology image showing smooth muscle tissue
positive__tissue_compartment__smooth_muscle_tissue__t1,positive,tissue_compartment,smooth muscle tissue,smooth_muscle_tissue,1,an H&E stained histology image showing {concept},an H&E stained histology image showing smooth muscle tissue
positive__tissue_compartment__smooth_muscle_tissue__t2,positive,tissue_compartment,smooth muscle tissue,smooth_muscle_tissue,2,a pathology image of tissue with {concept},a pathology image of tissue with smooth muscle tissue
positive__tissue_compartment__smooth_muscle_tissue__t3,positive,tissue_compartment,smooth muscle tissue,smooth_muscle_tissue,3,a microscopic histopathology image demonstrating {concept},a microscopic histopathology image demonstrating smooth muscle tissue
positive__tissue_compartment__smooth_muscle_tissue__t4,positive,tissue_compartment,smooth muscle tissue,smooth_muscle_tissue,4,a digital pathology image containing {concept},a digital pathology image containing smooth muscle tissue
positive__tissue_compartment__adipose_tissue__t0,positive,tissue_compartment,adipose tissue,adipose_tissue,0,a hematoxylin and eosin histopathology image showing {concept},a hematoxylin and eosin histopathology image showing adipose tissue
positive__tissue_compartment__adipose_tissue__t1,positive,tissue_compartment,adipose tissue,adipose_tissue,1,an H&E stained histology image showing {concept},an H&E stained histology image showing adipose tissue
positive__tissue_compartment__adipose_tissue__t2,positive,tissue_compartment,adipose tissue,adipose_tissue,2,a pathology image of tissue with {concept},a pathology image of tissue with adipose tissue
positive__tissue_compartment__adipose_tissue__t3,positive,tissue_compartment,adipose tissue,adipose_tissue,3,a microscopic histopathology image demonstrating {concept},a microscopic histopathology image demonstrating adipose tissue
positive__tissue_compartment__adipose_tissue__t4,positive,tissue_compartment,adipose tissue,adipose_tissue,4,a digital pathology image containing {concept},a digital pathology image containing adipose tissue
positive__tissue_compartment__lymphoid_tissue__t0,positive,tissue_compartment,lymphoid tissue,lymphoid_tissue,0,a hematoxylin and eosin histopathology image showing {concept},a hematoxylin and eosin histopathology image showing lymphoid tissue
positive__tissue_compartment__lymphoid_tissue__t1,positive,tissue_compartment,lymphoid tissue,lymphoid_tissue,1,an H&E stained histology image showing {concept},an H&E stained histology image showing lymphoid tissue
positive__tissue_compartment__lymphoid_tissue__t2,positive,tissue_compartment,lymphoid tissue,lymphoid_tissue,2,a pathology image of tissue with {concept},a pathology image of tissue with lymphoid tissue
positive__tissue_compartment__lymphoid_tissue__t3,positive,tissue_compartment,lymphoid tissue,lymphoid_tissue,3,a microscopic histopathology image demonstrating {concept},a microscopic histopathology image demonstrating lymphoid tissue
positive__tissue_compartment__lymphoid_tissue__t4,positive,tissue_compartment,lymphoid tissue,lymphoid_tissue,4,a digital pathology image containing {concept},a digital pathology image containing lymphoid tissue
positive__tissue_compartment__immune_cell_infiltrate__t0,positive,tissue_compartment,immune cell infiltrate,immune_cell_infiltrate,0,a hematoxylin and eosin histopathology image showing {concept},a hematoxylin and eosin histopathology image showing immune cell infiltrate
positive__tissue_compartment__immune_cell_infiltrate__t1,positive,tissue_compartment,immune cell infiltrate,immune_cell_infiltrate,1,an H&E stained histology image showing {concept},an H&E stained histology image showing immune cell infiltrate
positive__tissue_compartment__immune_cell_infiltrate__t2,positive,tissue_compartment,immune cell infiltrate,immune_cell_infiltrate,2,a pathology image of tissue with {concept},a pathology image of tissue with immune cell infiltrate
positive__tissue_compartment__immune_cell_infiltrate__t3,positive,tissue_compartment,immune cell infiltrate,immune_cell_infiltrate,3,a microscopic histopathology image demonstrating {concept},a microscopic histopathology image demonstrating immune cell infiltrate
positive__tissue_compartment__immune_cell_infiltrate__t4,positive,tissue_compartment,immune cell infiltrate,immune_cell_infiltrate,4,a digital pathology image containing {concept},a digital pathology image containing immune cell infiltrate
positive__tissue_compartment__lymphocyte_rich_inflammation__t0,positive,tissue_compartment,lymphocyte-rich inflammation,lymphocyte_rich_inflammation,0,a hematoxylin and eosin histopathology image showing {concept},a hematoxylin and eosin histopathology image showing lymphocyte-rich inflammation
positive__tissue_compartment__lymphocyte_rich_inflammation__t1,positive,tissue_compartment,lymphocyte-rich inflammation,lymphocyte_rich_inflammation,1,an H&E stained histology image showing {concept},an H&E stained histology image showing lymphocyte-rich inflammation
positive__tissue_compartment__lymphocyte_rich_inflammation__t2,positive,tissue_compartment,lymphocyte-rich inflammation,lymphocyte_rich_inflammation,2,a pathology image of tissue with {concept},a pathology image of tissue with lymphocyte-rich inflammation
positive__tissue_compartment__lymphocyte_rich_inflammation__t3,positive,tissue_compartment,lymphocyte-rich inflammation,lymphocyte_rich_inflammation,3,a microscopic histopathology image demonstrating {concept},a microscopic histopathology image demonstrating lymphocyte-rich inflammation
positive__tissue_compartment__lymphocyte_rich_inflammation__t4,positive,tissue_compartment,lymphocyte-rich inflammation,lymphocyte_rich_inflammation,4,a digital pathology image containing {concept},a digital pathology image containing lymphocyte-rich inflammation
positive__tissue_compartment__plasma_cell_rich_inflammation__t0,positive,tissue_compartment,plasma cell-rich inflammation,plasma_cell_rich_inflammation,0,a hematoxylin and eosin histopathology image showing {concept},a hematoxylin and eosin histopathology image showing plasma cell-rich inflammation
positive__tissue_compartment__plasma_cell_rich_inflammation__t1,positive,tissue_compartment,plasma cell-rich inflammation,plasma_cell_rich_inflammation,1,an H&E stained histology image showing {concept},an H&E stained histology image showing plasma cell-rich inflammation
positive__tissue_compartment__plasma_cell_rich_inflammation__t2,positive,tissue_compartment,plasma cell-rich inflammation,plasma_cell_rich_inflammation,2,a pathology image of tissue with {concept},a pathology image of tissue with plasma cell-rich inflammation
positive__tissue_compartment__plasma_cell_rich_inflammation__t3,positive,tissue_compartment,plasma cell-rich inflammation,plasma_cell_rich_inflammation,3,a microscopic histopathology image demonstrating {concept},a microscopic histopathology image demonstrating plasma cell-rich inflammation
positive__tissue_compartment__plasma_cell_rich_inflammation__t4,positive,tissue_compartment,plasma cell-rich inflammation,plasma_cell_rich_inflammation,4,a digital pathology image containing {concept},a digital pathology image containing plasma cell-rich inflammation
positive__tissue_compartment__blood_vessels__t0,positive,tissue_compartment,blood vessels,blood_vessels,0,a hematoxylin and eosin histopathology image showing {concept},a hematoxylin and eosin histopathology image showing blood vessels
positive__tissue_compartment__blood_vessels__t1,positive,tissue_compartment,blood vessels,blood_vessels,1,an H&E stained histology image showing {concept},an H&E stained histology image showing blood vessels
positive__tissue_compartment__blood_vessels__t2,positive,tissue_compartment,blood vessels,blood_vessels,2,a pathology image of tissue with {concept},a pathology image of tissue with blood vessels
positive__tissue_compartment__blood_vessels__t3,positive,tissue_compartment,blood vessels,blood_vessels,3,a microscopic histopathology image demonstrating {concept},a microscopic histopathology image demonstrating blood vessels
positive__tissue_compartment__blood_vessels__t4,positive,tissue_compartment,blood vessels,blood_vessels,4,a digital pathology image containing {concept},a digital pathology image containing blood vessels
positive__tissue_compartment__vascular_structures__t0,positive,tissue_compartment,vascular structures,vascular_structures,0,a hematoxylin and eosin histopathology image showing {concept},a hematoxylin and eosin histopathology image showing vascular structures
positive__tissue_compartment__vascular_structures__t1,positive,tissue_compartment,vascular structures,vascular_structures,1,an H&E stained histology image showing {concept},an H&E stained histology image showing vascular structures
positive__tissue_compartment__vascular_structures__t2,positive,tissue_compartment,vascular structures,vascular_structures,2,a pathology image of tissue with {concept},a pathology image of tissue with vascular structures
positive__tissue_compartment__vascular_structures__t3,positive,tissue_compartment,vascular structures,vascular_structures,3,a microscopic histopathology image demonstrating {concept},a microscopic histopathology image demonstrating vascular structures
positive__tissue_compartment__vascular_structures__t4,positive,tissue_compartment,vascular structures,vascular_structures,4,a digital pathology image containing {concept},a digital pathology image containing vascular structures
positive__tissue_compartment__blood_rich_tissue__t0,positive,tissue_compartment,blood-rich tissue,blood_rich_tissue,0,a hematoxylin and eosin histopathology image showing {concept},a hematoxylin and eosin histopathology image showing blood-rich tissue
positive__tissue_compartment__blood_rich_tissue__t1,positive,tissue_compartment,blood-rich tissue,blood_rich_tissue,1,an H&E stained histology image showing {concept},an H&E stained histology image showing blood-rich tissue
positive__tissue_compartment__blood_rich_tissue__t2,positive,tissue_compartment,blood-rich tissue,blood_rich_tissue,2,a pathology image of tissue with {concept},a pathology image of tissue with blood-rich tissue
positive__tissue_compartment__blood_rich_tissue__t3,positive,tissue_compartment,blood-rich tissue,blood_rich_tissue,3,a microscopic histopathology image demonstrating {concept},a microscopic histopathology image demonstrating blood-rich tissue
positive__tissue_compartment__blood_rich_tissue__t4,positive,tissue_compartment,blood-rich tissue,blood_rich_tissue,4,a digital pathology image containing {concept},a digital pathology image containing blood-rich tissue
positive__tissue_compartment__hemorrhagic_tissue__t0,positive,tissue_compartment,hemorrhagic tissue,hemorrhagic_tissue,0,a hematoxylin and eosin histopathology image showing {concept},a hematoxylin and eosin histopathology image showing hemorrhagic tissue
positive__tissue_compartment__hemorrhagic_tissue__t1,positive,tissue_compartment,hemorrhagic tissue,hemorrhagic_tissue,1,an H&E stained histology image showing {concept},an H&E stained histology image showing hemorrhagic tissue
positive__tissue_compartment__hemorrhagic_tissue__t2,positive,tissue_compartment,hemorrhagic tissue,hemorrhagic_tissue,2,a pathology image of tissue with {concept},a pathology image of tissue with hemorrhagic tissue
positive__tissue_compartment__hemorrhagic_tissue__t3,positive,tissue_compartment,hemorrhagic tissue,hemorrhagic_tissue,3,a microscopic histopathology image demonstrating {concept},a microscopic histopathology image demonstrating hemorrhagic tissue
positive__tissue_compartment__hemorrhagic_tissue__t4,positive,tissue_compartment,hemorrhagic tissue,hemorrhagic_tissue,4,a digital pathology image containing {concept},a digital pathology image containing hemorrhagic tissue
positive__tissue_compartment__epithelial_stromal_interface__t0,positive,tissue_compartment,epithelial-stromal interface,epithelial_stromal_interface,0,a hematoxylin and eosin histopathology image showing {concept},a hematoxylin and eosin histopathology image showing epithelial-stromal interface
positive__tissue_compartment__epithelial_stromal_interface__t1,positive,tissue_compartment,epithelial-stromal interface,epithelial_stromal_interface,1,an H&E stained histology image showing {concept},an H&E stained histology image showing epithelial-stromal interface
positive__tissue_compartment__epithelial_stromal_interface__t2,positive,tissue_compartment,epithelial-stromal interface,epithelial_stromal_interface,2,a pathology image of tissue with {concept},a pathology image of tissue with epithelial-stromal interface
positive__tissue_compartment__epithelial_stromal_interface__t3,positive,tissue_compartment,epithelial-stromal interface,epithelial_stromal_interface,3,a microscopic histopathology image demonstrating {concept},a microscopic histopathology image demonstrating epithelial-stromal interface
positive__tissue_compartment__epithelial_stromal_interface__t4,positive,tissue_compartment,epithelial-stromal interface,epithelial_stromal_interface,4,a digital pathology image containing {concept},a digital pathology image containing epithelial-stromal interface
positive__tissue_compartment__tumor_stroma_interface__t0,positive,tissue_compartment,tumor-stroma interface,tumor_stroma_interface,0,a hematoxylin and eosin histopathology image showing {concept},a hematoxylin and eosin histopathology image showing tumor-stroma interface
positive__tissue_compartment__tumor_stroma_interface__t1,positive,tissue_compartment,tumor-stroma interface,tumor_stroma_interface,1,an H&E stained histology image showing {concept},an H&E stained histology image showing tumor-stroma interface
positive__tissue_compartment__tumor_stroma_interface__t2,positive,tissue_compartment,tumor-stroma interface,tumor_stroma_interface,2,a pathology image of tissue with {concept},a pathology image of tissue with tumor-stroma interface
positive__tissue_compartment__tumor_stroma_interface__t3,positive,tissue_compartment,tumor-stroma interface,tumor_stroma_interface,3,a microscopic histopathology image demonstrating {concept},a microscopic histopathology image demonstrating tumor-stroma interface
positive__tissue_compartment__tumor_stroma_interface__t4,positive,tissue_compartment,tumor-stroma interface,tumor_stroma_interface,4,a digital pathology image containing {concept},a digital pathology image containing tumor-stroma interface
positive__tissue_compartment__tissue_boundary__t0,positive,tissue_compartment,tissue boundary,tissue_boundary,0,a hematoxylin and eosin histopathology image showing {concept},a hematoxylin and eosin histopathology image showing tissue boundary
positive__tissue_compartment__tissue_boundary__t1,positive,tissue_compartment,tissue boundary,tissue_boundary,1,an H&E stained histology image showing {concept},an H&E stained histology image showing tissue boundary
positive__tissue_compartment__tissue_boundary__t2,positive,tissue_compartment,tissue boundary,tissue_boundary,2,a pathology image of tissue with {concept},a pathology image of tissue with tissue boundary
positive__tissue_compartment__tissue_boundary__t3,positive,tissue_compartment,tissue boundary,tissue_boundary,3,a microscopic histopathology image demonstrating {concept},a microscopic histopathology image demonstrating tissue boundary
positive__tissue_compartment__tissue_boundary__t4,positive,tissue_compartment,tissue boundary,tissue_boundary,4,a digital pathology image containing {concept},a digital pathology image containing tissue boundary
positive__architecture__glandular_architecture__t0,positive,architecture,glandular architecture,glandular_architecture,0,a hematoxylin and eosin histopathology image showing {concept},a hematoxylin and eosin histopathology image showing glandular architecture
positive__architecture__glandular_architecture__t1,positive,architecture,glandular architecture,glandular_architecture,1,an H&E stained histology image showing {concept},an H&E stained histology image showing glandular architecture
positive__architecture__glandular_architecture__t2,positive,architecture,glandular architecture,glandular_architecture,2,a pathology image of tissue with {concept},a pathology image of tissue with glandular architecture
positive__architecture__glandular_architecture__t3,positive,architecture,glandular architecture,glandular_architecture,3,a microscopic histopathology image demonstrating {concept},a microscopic histopathology image demonstrating glandular architecture
positive__architecture__glandular_architecture__t4,positive,architecture,glandular architecture,glandular_architecture,4,a digital pathology image containing {concept},a digital pathology image containing glandular architecture
positive__architecture__ductal_structures__t0,positive,architecture,ductal structures,ductal_structures,0,a hematoxylin and eosin histopathology image showing {concept},a hematoxylin and eosin histopathology image showing ductal structures
positive__architecture__ductal_structures__t1,positive,architecture,ductal structures,ductal_structures,1,an H&E stained histology image showing {concept},an H&E stained histology image showing ductal structures
positive__architecture__ductal_structures__t2,positive,architecture,ductal structures,ductal_structures,2,a pathology image of tissue with {concept},a pathology image of tissue with ductal structures
positive__architecture__ductal_structures__t3,positive,architecture,ductal structures,ductal_structures,3,a microscopic histopathology image demonstrating {concept},a microscopic histopathology image demonstrating ductal structures
positive__architecture__ductal_structures__t4,positive,architecture,ductal structures,ductal_structures,4,a digital pathology image containing {concept},a digital pathology image containing ductal structures
positive__architecture__acinar_structures__t0,positive,architecture,acinar structures,acinar_structures,0,a hematoxylin and eosin histopathology image showing {concept},a hematoxylin and eosin histopathology image showing acinar structures
positive__architecture__acinar_structures__t1,positive,architecture,acinar structures,acinar_structures,1,an H&E stained histology image showing {concept},an H&E stained histology image showing acinar structures
positive__architecture__acinar_structures__t2,positive,architecture,acinar structures,acinar_structures,2,a pathology image of tissue with {concept},a pathology image of tissue with acinar structures
positive__architecture__acinar_structures__t3,positive,architecture,acinar structures,acinar_structures,3,a microscopic histopathology image demonstrating {concept},a microscopic histopathology image demonstrating acinar structures
positive__architecture__acinar_structures__t4,positive,architecture,acinar structures,acinar_structures,4,a digital pathology image containing {concept},a digital pathology image containing acinar structures
positive__architecture__crypt_architecture__t0,positive,architecture,crypt architecture,crypt_architecture,0,a hematoxylin and eosin histopathology image showing {concept},a hematoxylin and eosin histopathology image showing crypt architecture
positive__architecture__crypt_architecture__t1,positive,architecture,crypt architecture,crypt_architecture,1,an H&E stained histology image showing {concept},an H&E stained histology image showing crypt architecture
positive__architecture__crypt_architecture__t2,positive,architecture,crypt architecture,crypt_architecture,2,a pathology image of tissue with {concept},a pathology image of tissue with crypt architecture
positive__architecture__crypt_architecture__t3,positive,architecture,crypt architecture,crypt_architecture,3,a microscopic histopathology image demonstrating {concept},a microscopic histopathology image demonstrating crypt architecture
positive__architecture__crypt_architecture__t4,positive,architecture,crypt architecture,crypt_architecture,4,a digital pathology image containing {concept},a digital pathology image containing crypt architecture
positive__architecture__lumen_formation__t0,positive,architecture,lumen formation,lumen_formation,0,a hematoxylin and eosin histopathology image showing {concept},a hematoxylin and eosin histopathology image showing lumen formation
positive__architecture__lumen_formation__t1,positive,architecture,lumen formation,lumen_formation,1,an H&E stained histology image showing {concept},an H&E stained histology image showing lumen formation
positive__architecture__lumen_formation__t2,positive,architecture,lumen formation,lumen_formation,2,a pathology image of tissue with {concept},a pathology image of tissue with lumen formation
positive__architecture__lumen_formation__t3,positive,architecture,lumen formation,lumen_formation,3,a microscopic histopathology image demonstrating {concept},a microscopic histopathology image demonstrating lumen formation
positive__architecture__lumen_formation__t4,positive,architecture,lumen formation,lumen_formation,4,a digital pathology image containing {concept},a digital pathology image containing lumen formation
positive__architecture__well_formed_glands__t0,positive,architecture,well-formed glands,well_formed_glands,0,a hematoxylin and eosin histopathology image showing {concept},a hematoxylin and eosin histopathology image showing well-formed glands
positive__architecture__well_formed_glands__t1,positive,architecture,well-formed glands,well_formed_glands,1,an H&E stained histology image showing {concept},an H&E stained histology image showing well-formed glands
positive__architecture__well_formed_glands__t2,positive,architecture,well-formed glands,well_formed_glands,2,a pathology image of tissue with {concept},a pathology image of tissue with well-formed glands
positive__architecture__well_formed_glands__t3,positive,architecture,well-formed glands,well_formed_glands,3,a microscopic histopathology image demonstrating {concept},a microscopic histopathology image demonstrating well-formed glands
positive__architecture__well_formed_glands__t4,positive,architecture,well-formed glands,well_formed_glands,4,a digital pathology image containing {concept},a digital pathology image containing well-formed glands
positive__architecture__irregular_glands__t0,positive,architecture,irregular glands,irregular_glands,0,a hematoxylin and eosin histopathology image showing {concept},a hematoxylin and eosin histopathology image showing irregular glands
positive__architecture__irregular_glands__t1,positive,architecture,irregular glands,irregular_glands,1,an H&E stained histology image showing {concept},an H&E stained histology image showing irregular glands
positive__architecture__irregular_glands__t2,positive,architecture,irregular glands,irregular_glands,2,a pathology image of tissue with {concept},a pathology image of tissue with irregular glands
positive__architecture__irregular_glands__t3,positive,architecture,irregular glands,irregular_glands,3,a microscopic histopathology image demonstrating {concept},a microscopic histopathology image demonstrating irregular glands
positive__architecture__irregular_glands__t4,positive,architecture,irregular glands,irregular_glands,4,a digital pathology image containing {concept},a digital pathology image containing irregular glands
positive__architecture__crowded_glands__t0,positive,architecture,crowded glands,crowded_glands,0,a hematoxylin and eosin histopathology image showing {concept},a hematoxylin and eosin histopathology image showing crowded glands
positive__architecture__crowded_glands__t1,positive,architecture,crowded glands,crowded_glands,1,an H&E stained histology image showing {concept},an H&E stained histology image showing crowded glands
positive__architecture__crowded_glands__t2,positive,architecture,crowded glands,crowded_glands,2,a pathology image of tissue with {concept},a pathology image of tissue with crowded glands
positive__architecture__crowded_glands__t3,positive,architecture,crowded glands,crowded_glands,3,a microscopic histopathology image demonstrating {concept},a microscopic histopathology image demonstrating crowded glands
positive__architecture__crowded_glands__t4,positive,architecture,crowded glands,crowded_glands,4,a digital pathology image containing {concept},a digital pathology image containing crowded glands
positive__architecture__fused_glands__t0,positive,architecture,fused glands,fused_glands,0,a hematoxylin and eosin histopathology image showing {concept},a hematoxylin and eosin histopathology image showing fused glands
positive__architecture__fused_glands__t1,positive,architecture,fused glands,fused_glands,1,an H&E stained histology image showing {concept},an H&E stained histology image showing fused glands
positive__architecture__fused_glands__t2,positive,architecture,fused glands,fused_glands,2,a pathology image of tissue with {concept},a pathology image of tissue with fused glands
positive__architecture__fused_glands__t3,positive,architecture,fused glands,fused_glands,3,a microscopic histopathology image demonstrating {concept},a microscopic histopathology image demonstrating fused glands
positive__architecture__fused_glands__t4,positive,architecture,fused glands,fused_glands,4,a digital pathology image containing {concept},a digital pathology image containing fused glands
positive__architecture__small_glandular_structures__t0,positive,architecture,small glandular structures,small_glandular_structures,0,a hematoxylin and eosin histopathology image showing {concept},a hematoxylin and eosin histopathology image showing small glandular structures
positive__architecture__small_glandular_structures__t1,positive,architecture,small glandular structures,small_glandular_structures,1,an H&E stained histology image showing {concept},an H&E stained histology image showing small glandular structures
positive__architecture__small_glandular_structures__t2,positive,architecture,small glandular structures,small_glandular_structures,2,a pathology image of tissue with {concept},a pathology image of tissue with small glandular structures
positive__architecture__small_glandular_structures__t3,positive,architecture,small glandular structures,small_glandular_structures,3,a microscopic histopathology image demonstrating {concept},a microscopic histopathology image demonstrating small glandular structures
positive__architecture__small_glandular_structures__t4,positive,architecture,small glandular structures,small_glandular_structures,4,a digital pathology image containing {concept},a digital pathology image containing small glandular structures
positive__architecture__large_glandular_structures__t0,positive,architecture,large glandular structures,large_glandular_structures,0,a hematoxylin and eosin histopathology image showing {concept},a hematoxylin and eosin histopathology image showing large glandular structures
positive__architecture__large_glandular_structures__t1,positive,architecture,large glandular structures,large_glandular_structures,1,an H&E stained histology image showing {concept},an H&E stained histology image showing large glandular structures
positive__architecture__large_glandular_structures__t2,positive,architecture,large glandular structures,large_glandular_structures,2,a pathology image of tissue with {concept},a pathology image of tissue with large glandular structures
positive__architecture__large_glandular_structures__t3,positive,architecture,large glandular structures,large_glandular_structures,3,a microscopic histopathology image demonstrating {concept},a microscopic histopathology image demonstrating large glandular structures
positive__architecture__large_glandular_structures__t4,positive,architecture,large glandular structures,large_glandular_structures,4,a digital pathology image containing {concept},a digital pathology image containing large glandular structures
positive__architecture__back_to_back_glands__t0,positive,architecture,back-to-back glands,back_to_back_glands,0,a hematoxylin and eosin histopathology image showing {concept},a hematoxylin and eosin histopathology image showing back-to-back glands
positive__architecture__back_to_back_glands__t1,positive,architecture,back-to-back glands,back_to_back_glands,1,an H&E stained histology image showing {concept},an H&E stained histology image showing back-to-back glands
positive__architecture__back_to_back_glands__t2,positive,architecture,back-to-back glands,back_to_back_glands,2,a pathology image of tissue with {concept},a pathology image of tissue with back-to-back glands
positive__architecture__back_to_back_glands__t3,positive,architecture,back-to-back glands,back_to_back_glands,3,a microscopic histopathology image demonstrating {concept},a microscopic histopathology image demonstrating back-to-back glands
positive__architecture__back_to_back_glands__t4,positive,architecture,back-to-back glands,back_to_back_glands,4,a digital pathology image containing {concept},a digital pathology image containing back-to-back glands
positive__architecture__cribriform_like_architecture__t0,positive,architecture,cribriform-like architecture,cribriform_like_architecture,0,a hematoxylin and eosin histopathology image showing {concept},a hematoxylin and eosin histopathology image showing cribriform-like architecture
positive__architecture__cribriform_like_architecture__t1,positive,architecture,cribriform-like architecture,cribriform_like_architecture,1,an H&E stained histology image showing {concept},an H&E stained histology image showing cribriform-like architecture
positive__architecture__cribriform_like_architecture__t2,positive,architecture,cribriform-like architecture,cribriform_like_architecture,2,a pathology image of tissue with {concept},a pathology image of tissue with cribriform-like architecture
positive__architecture__cribriform_like_architecture__t3,positive,architecture,cribriform-like architecture,cribriform_like_architecture,3,a microscopic histopathology image demonstrating {concept},a microscopic histopathology image demonstrating cribriform-like architecture
positive__architecture__cribriform_like_architecture__t4,positive,architecture,cribriform-like architecture,cribriform_like_architecture,4,a digital pathology image containing {concept},a digital pathology image containing cribriform-like architecture
positive__architecture__papillary_architecture__t0,positive,architecture,papillary architecture,papillary_architecture,0,a hematoxylin and eosin histopathology image showing {concept},a hematoxylin and eosin histopathology image showing papillary architecture
positive__architecture__papillary_architecture__t1,positive,architecture,papillary architecture,papillary_architecture,1,an H&E stained histology image showing {concept},an H&E stained histology image showing papillary architecture
positive__architecture__papillary_architecture__t2,positive,architecture,papillary architecture,papillary_architecture,2,a pathology image of tissue with {concept},a pathology image of tissue with papillary architecture
positive__architecture__papillary_architecture__t3,positive,architecture,papillary architecture,papillary_architecture,3,a microscopic histopathology image demonstrating {concept},a microscopic histopathology image demonstrating papillary architecture
positive__architecture__papillary_architecture__t4,positive,architecture,papillary architecture,papillary_architecture,4,a digital pathology image containing {concept},a digital pathology image containing papillary architecture
positive__architecture__tubular_architecture__t0,positive,architecture,tubular architecture,tubular_architecture,0,a hematoxylin and eosin histopathology image showing {concept},a hematoxylin and eosin histopathology image showing tubular architecture
positive__architecture__tubular_architecture__t1,positive,architecture,tubular architecture,tubular_architecture,1,an H&E stained histology image showing {concept},an H&E stained histology image showing tubular architecture
positive__architecture__tubular_architecture__t2,positive,architecture,tubular architecture,tubular_architecture,2,a pathology image of tissue with {concept},a pathology image of tissue with tubular architecture
positive__architecture__tubular_architecture__t3,positive,architecture,tubular architecture,tubular_architecture,3,a microscopic histopathology image demonstrating {concept},a microscopic histopathology image demonstrating tubular architecture
positive__architecture__tubular_architecture__t4,positive,architecture,tubular architecture,tubular_architecture,4,a digital pathology image containing {concept},a digital pathology image containing tubular architecture
positive__architecture__trabecular_architecture__t0,positive,architecture,trabecular architecture,trabecular_architecture,0,a hematoxylin and eosin histopathology image showing {concept},a hematoxylin and eosin histopathology image showing trabecular architecture
positive__architecture__trabecular_architecture__t1,positive,architecture,trabecular architecture,trabecular_architecture,1,an H&E stained histology image showing {concept},an H&E stained histology image showing trabecular architecture
positive__architecture__trabecular_architecture__t2,positive,architecture,trabecular architecture,trabecular_architecture,2,a pathology image of tissue with {concept},a pathology image of tissue with trabecular architecture
positive__architecture__trabecular_architecture__t3,positive,architecture,trabecular architecture,trabecular_architecture,3,a microscopic histopathology image demonstrating {concept},a microscopic histopathology image demonstrating trabecular architecture
positive__architecture__trabecular_architecture__t4,positive,architecture,trabecular architecture,trabecular_architecture,4,a digital pathology image containing {concept},a digital pathology image containing trabecular architecture
positive__architecture__nested_epithelial_growth__t0,positive,architecture,nested epithelial growth,nested_epithelial_growth,0,a hematoxylin and eosin histopathology image showing {concept},a hematoxylin and eosin histopathology image showing nested epithelial growth
positive__architecture__nested_epithelial_growth__t1,positive,architecture,nested epithelial growth,nested_epithelial_growth,1,an H&E stained histology image showing {concept},an H&E stained histology image showing nested epithelial growth
positive__architecture__nested_epithelial_growth__t2,positive,architecture,nested epithelial growth,nested_epithelial_growth,2,a pathology image of tissue with {concept},a pathology image of tissue with nested epithelial growth
positive__architecture__nested_epithelial_growth__t3,positive,architecture,nested epithelial growth,nested_epithelial_growth,3,a microscopic histopathology image demonstrating {concept},a microscopic histopathology image demonstrating nested epithelial growth
positive__architecture__nested_epithelial_growth__t4,positive,architecture,nested epithelial growth,nested_epithelial_growth,4,a digital pathology image containing {concept},a digital pathology image containing nested epithelial growth
positive__architecture__solid_sheet_like_growth__t0,positive,architecture,solid sheet-like growth,solid_sheet_like_growth,0,a hematoxylin and eosin histopathology image showing {concept},a hematoxylin and eosin histopathology image showing solid sheet-like growth
positive__architecture__solid_sheet_like_growth__t1,positive,architecture,solid sheet-like growth,solid_sheet_like_growth,1,an H&E stained histology image showing {concept},an H&E stained histology image showing solid sheet-like growth
positive__architecture__solid_sheet_like_growth__t2,positive,architecture,solid sheet-like growth,solid_sheet_like_growth,2,a pathology image of tissue with {concept},a pathology image of tissue with solid sheet-like growth
positive__architecture__solid_sheet_like_growth__t3,positive,architecture,solid sheet-like growth,solid_sheet_like_growth,3,a microscopic histopathology image demonstrating {concept},a microscopic histopathology image demonstrating solid sheet-like growth
positive__architecture__solid_sheet_like_growth__t4,positive,architecture,solid sheet-like growth,solid_sheet_like_growth,4,a digital pathology image containing {concept},a digital pathology image containing solid sheet-like growth
positive__architecture__solid_tumor_nests__t0,positive,architecture,solid tumor nests,solid_tumor_nests,0,a hematoxylin and eosin histopathology image showing {concept},a hematoxylin and eosin histopathology image showing solid tumor nests
positive__architecture__solid_tumor_nests__t1,positive,architecture,solid tumor nests,solid_tumor_nests,1,an H&E stained histology image showing {concept},an H&E stained histology image showing solid tumor nests
positive__architecture__solid_tumor_nests__t2,positive,architecture,solid tumor nests,solid_tumor_nests,2,a pathology image of tissue with {concept},a pathology image of tissue with solid tumor nests
positive__architecture__solid_tumor_nests__t3,positive,architecture,solid tumor nests,solid_tumor_nests,3,a microscopic histopathology image demonstrating {concept},a microscopic histopathology image demonstrating solid tumor nests
positive__architecture__solid_tumor_nests__t4,positive,architecture,solid tumor nests,solid_tumor_nests,4,a digital pathology image containing {concept},a digital pathology image containing solid tumor nests
positive__architecture__epithelial_folds__t0,positive,architecture,epithelial folds,epithelial_folds,0,a hematoxylin and eosin histopathology image showing {concept},a hematoxylin and eosin histopathology image showing epithelial folds
positive__architecture__epithelial_folds__t1,positive,architecture,epithelial folds,epithelial_folds,1,an H&E stained histology image showing {concept},an H&E stained histology image showing epithelial folds
positive__architecture__epithelial_folds__t2,positive,architecture,epithelial folds,epithelial_folds,2,a pathology image of tissue with {concept},a pathology image of tissue with epithelial folds
positive__architecture__epithelial_folds__t3,positive,architecture,epithelial folds,epithelial_folds,3,a microscopic histopathology image demonstrating {concept},a microscopic histopathology image demonstrating epithelial folds
positive__architecture__epithelial_folds__t4,positive,architecture,epithelial folds,epithelial_folds,4,a digital pathology image containing {concept},a digital pathology image containing epithelial folds
positive__architecture__serrated_epithelial_architecture__t0,positive,architecture,serrated epithelial architecture,serrated_epithelial_architecture,0,a hematoxylin and eosin histopathology image showing {concept},a hematoxylin and eosin histopathology image showing serrated epithelial architecture
positive__architecture__serrated_epithelial_architecture__t1,positive,architecture,serrated epithelial architecture,serrated_epithelial_architecture,1,an H&E stained histology image showing {concept},an H&E stained histology image showing serrated epithelial architecture
positive__architecture__serrated_epithelial_architecture__t2,positive,architecture,serrated epithelial architecture,serrated_epithelial_architecture,2,a pathology image of tissue with {concept},a pathology image of tissue with serrated epithelial architecture
positive__architecture__serrated_epithelial_architecture__t3,positive,architecture,serrated epithelial architecture,serrated_epithelial_architecture,3,a microscopic histopathology image demonstrating {concept},a microscopic histopathology image demonstrating serrated epithelial architecture
positive__architecture__serrated_epithelial_architecture__t4,positive,architecture,serrated epithelial architecture,serrated_epithelial_architecture,4,a digital pathology image containing {concept},a digital pathology image containing serrated epithelial architecture
positive__architecture__villous_architecture__t0,positive,architecture,villous architecture,villous_architecture,0,a hematoxylin and eosin histopathology image showing {concept},a hematoxylin and eosin histopathology image showing villous architecture
positive__architecture__villous_architecture__t1,positive,architecture,villous architecture,villous_architecture,1,an H&E stained histology image showing {concept},an H&E stained histology image showing villous architecture
positive__architecture__villous_architecture__t2,positive,architecture,villous architecture,villous_architecture,2,a pathology image of tissue with {concept},a pathology image of tissue with villous architecture
positive__architecture__villous_architecture__t3,positive,architecture,villous architecture,villous_architecture,3,a microscopic histopathology image demonstrating {concept},a microscopic histopathology image demonstrating villous architecture
positive__architecture__villous_architecture__t4,positive,architecture,villous architecture,villous_architecture,4,a digital pathology image containing {concept},a digital pathology image containing villous architecture
positive__architecture__invasive_tumor_front__t0,positive,architecture,invasive tumor front,invasive_tumor_front,0,a hematoxylin and eosin histopathology image showing {concept},a hematoxylin and eosin histopathology image showing invasive tumor front
positive__architecture__invasive_tumor_front__t1,positive,architecture,invasive tumor front,invasive_tumor_front,1,an H&E stained histology image showing {concept},an H&E stained histology image showing invasive tumor front
positive__architecture__invasive_tumor_front__t2,positive,architecture,invasive tumor front,invasive_tumor_front,2,a pathology image of tissue with {concept},a pathology image of tissue with invasive tumor front
positive__architecture__invasive_tumor_front__t3,positive,architecture,invasive tumor front,invasive_tumor_front,3,a microscopic histopathology image demonstrating {concept},a microscopic histopathology image demonstrating invasive tumor front
positive__architecture__invasive_tumor_front__t4,positive,architecture,invasive tumor front,invasive_tumor_front,4,a digital pathology image containing {concept},a digital pathology image containing invasive tumor front
positive__architecture__infiltrative_growth_pattern__t0,positive,architecture,infiltrative growth pattern,infiltrative_growth_pattern,0,a hematoxylin and eosin histopathology image showing {concept},a hematoxylin and eosin histopathology image showing infiltrative growth pattern
positive__architecture__infiltrative_growth_pattern__t1,positive,architecture,infiltrative growth pattern,infiltrative_growth_pattern,1,an H&E stained histology image showing {concept},an H&E stained histology image showing infiltrative growth pattern
positive__architecture__infiltrative_growth_pattern__t2,positive,architecture,infiltrative growth pattern,infiltrative_growth_pattern,2,a pathology image of tissue with {concept},a pathology image of tissue with infiltrative growth pattern
positive__architecture__infiltrative_growth_pattern__t3,positive,architecture,infiltrative growth pattern,infiltrative_growth_pattern,3,a microscopic histopathology image demonstrating {concept},a microscopic histopathology image demonstrating infiltrative growth pattern
positive__architecture__infiltrative_growth_pattern__t4,positive,architecture,infiltrative growth pattern,infiltrative_growth_pattern,4,a digital pathology image containing {concept},a digital pathology image containing infiltrative growth pattern
positive__architecture__expansile_growth_pattern__t0,positive,architecture,expansile growth pattern,expansile_growth_pattern,0,a hematoxylin and eosin histopathology image showing {concept},a hematoxylin and eosin histopathology image showing expansile growth pattern
positive__architecture__expansile_growth_pattern__t1,positive,architecture,expansile growth pattern,expansile_growth_pattern,1,an H&E stained histology image showing {concept},an H&E stained histology image showing expansile growth pattern
positive__architecture__expansile_growth_pattern__t2,positive,architecture,expansile growth pattern,expansile_growth_pattern,2,a pathology image of tissue with {concept},a pathology image of tissue with expansile growth pattern
positive__architecture__expansile_growth_pattern__t3,positive,architecture,expansile growth pattern,expansile_growth_pattern,3,a microscopic histopathology image demonstrating {concept},a microscopic histopathology image demonstrating expansile growth pattern
positive__architecture__expansile_growth_pattern__t4,positive,architecture,expansile growth pattern,expansile_growth_pattern,4,a digital pathology image containing {concept},a digital pathology image containing expansile growth pattern
positive__architecture__tissue_level_architecture__t0,positive,architecture,tissue-level architecture,tissue_level_architecture,0,a hematoxylin and eosin histopathology image showing {concept},a hematoxylin and eosin histopathology image showing tissue-level architecture
positive__architecture__tissue_level_architecture__t1,positive,architecture,tissue-level architecture,tissue_level_architecture,1,an H&E stained histology image showing {concept},an H&E stained histology image showing tissue-level architecture
positive__architecture__tissue_level_architecture__t2,positive,architecture,tissue-level architecture,tissue_level_architecture,2,a pathology image of tissue with {concept},a pathology image of tissue with tissue-level architecture
positive__architecture__tissue_level_architecture__t3,positive,architecture,tissue-level architecture,tissue_level_architecture,3,a microscopic histopathology image demonstrating {concept},a microscopic histopathology image demonstrating tissue-level architecture
positive__architecture__tissue_level_architecture__t4,positive,architecture,tissue-level architecture,tissue_level_architecture,4,a digital pathology image containing {concept},a digital pathology image containing tissue-level architecture
positive__architecture__large_field_of_view_tissue_structure__t0,positive,architecture,large field of view tissue structure,large_field_of_view_tissue_structure,0,a hematoxylin and eosin histopathology image showing {concept},a hematoxylin and eosin histopathology image showing large field of view tissue structure
positive__architecture__large_field_of_view_tissue_structure__t1,positive,architecture,large field of view tissue structure,large_field_of_view_tissue_structure,1,an H&E stained histology image showing {concept},an H&E stained histology image showing large field of view tissue structure
positive__architecture__large_field_of_view_tissue_structure__t2,positive,architecture,large field of view tissue structure,large_field_of_view_tissue_structure,2,a pathology image of tissue with {concept},a pathology image of tissue with large field of view tissue structure
positive__architecture__large_field_of_view_tissue_structure__t3,positive,architecture,large field of view tissue structure,large_field_of_view_tissue_structure,3,a microscopic histopathology image demonstrating {concept},a microscopic histopathology image demonstrating large field of view tissue structure
positive__architecture__large_field_of_view_tissue_structure__t4,positive,architecture,large field of view tissue structure,large_field_of_view_tissue_structure,4,a digital pathology image containing {concept},a digital pathology image containing large field of view tissue structure
positive__architecture__gland_level_architecture__t0,positive,architecture,gland-level architecture,gland_level_architecture,0,a hematoxylin and eosin histopathology image showing {concept},a hematoxylin and eosin histopathology image showing gland-level architecture
positive__architecture__gland_level_architecture__t1,positive,architecture,gland-level architecture,gland_level_architecture,1,an H&E stained histology image showing {concept},an H&E stained histology image showing gland-level architecture
positive__architecture__gland_level_architecture__t2,positive,architecture,gland-level architecture,gland_level_architecture,2,a pathology image of tissue with {concept},a pathology image of tissue with gland-level architecture
positive__architecture__gland_level_architecture__t3,positive,architecture,gland-level architecture,gland_level_architecture,3,a microscopic histopathology image demonstrating {concept},a microscopic histopathology image demonstrating gland-level architecture
positive__architecture__gland_level_architecture__t4,positive,architecture,gland-level architecture,gland_level_architecture,4,a digital pathology image containing {concept},a digital pathology image containing gland-level architecture
positive__pathology_state__tumor_nests__t0,positive,pathology_state,tumor nests,tumor_nests,0,a hematoxylin and eosin histopathology image showing {concept},a hematoxylin and eosin histopathology image showing tumor nests
positive__pathology_state__tumor_nests__t1,positive,pathology_state,tumor nests,tumor_nests,1,an H&E stained histology image showing {concept},an H&E stained histology image showing tumor nests
positive__pathology_state__tumor_nests__t2,positive,pathology_state,tumor nests,tumor_nests,2,a pathology image of tissue with {concept},a pathology image of tissue with tumor nests
positive__pathology_state__tumor_nests__t3,positive,pathology_state,tumor nests,tumor_nests,3,a microscopic histopathology image demonstrating {concept},a microscopic histopathology image demonstrating tumor nests
positive__pathology_state__tumor_nests__t4,positive,pathology_state,tumor nests,tumor_nests,4,a digital pathology image containing {concept},a digital pathology image containing tumor nests
positive__pathology_state__solid_tumor_growth__t0,positive,pathology_state,solid tumor growth,solid_tumor_growth,0,a hematoxylin and eosin histopathology image showing {concept},a hematoxylin and eosin histopathology image showing solid tumor growth
positive__pathology_state__solid_tumor_growth__t1,positive,pathology_state,solid tumor growth,solid_tumor_growth,1,an H&E stained histology image showing {concept},an H&E stained histology image showing solid tumor growth
positive__pathology_state__solid_tumor_growth__t2,positive,pathology_state,solid tumor growth,solid_tumor_growth,2,a pathology image of tissue with {concept},a pathology image of tissue with solid tumor growth
positive__pathology_state__solid_tumor_growth__t3,positive,pathology_state,solid tumor growth,solid_tumor_growth,3,a microscopic histopathology image demonstrating {concept},a microscopic histopathology image demonstrating solid tumor growth
positive__pathology_state__solid_tumor_growth__t4,positive,pathology_state,solid tumor growth,solid_tumor_growth,4,a digital pathology image containing {concept},a digital pathology image containing solid tumor growth
positive__pathology_state__invasive_carcinoma__t0,positive,pathology_state,invasive carcinoma,invasive_carcinoma,0,a hematoxylin and eosin histopathology image showing {concept},a hematoxylin and eosin histopathology image showing invasive carcinoma
positive__pathology_state__invasive_carcinoma__t1,positive,pathology_state,invasive carcinoma,invasive_carcinoma,1,an H&E stained histology image showing {concept},an H&E stained histology image showing invasive carcinoma
positive__pathology_state__invasive_carcinoma__t2,positive,pathology_state,invasive carcinoma,invasive_carcinoma,2,a pathology image of tissue with {concept},a pathology image of tissue with invasive carcinoma
positive__pathology_state__invasive_carcinoma__t3,positive,pathology_state,invasive carcinoma,invasive_carcinoma,3,a microscopic histopathology image demonstrating {concept},a microscopic histopathology image demonstrating invasive carcinoma
positive__pathology_state__invasive_carcinoma__t4,positive,pathology_state,invasive carcinoma,invasive_carcinoma,4,a digital pathology image containing {concept},a digital pathology image containing invasive carcinoma
positive__pathology_state__carcinoma_in_situ__t0,positive,pathology_state,carcinoma in situ,carcinoma_in_situ,0,a hematoxylin and eosin histopathology image showing {concept},a hematoxylin and eosin histopathology image showing carcinoma in situ
positive__pathology_state__carcinoma_in_situ__t1,positive,pathology_state,carcinoma in situ,carcinoma_in_situ,1,an H&E stained histology image showing {concept},an H&E stained histology image showing carcinoma in situ
positive__pathology_state__carcinoma_in_situ__t2,positive,pathology_state,carcinoma in situ,carcinoma_in_situ,2,a pathology image of tissue with {concept},a pathology image of tissue with carcinoma in situ
positive__pathology_state__carcinoma_in_situ__t3,positive,pathology_state,carcinoma in situ,carcinoma_in_situ,3,a microscopic histopathology image demonstrating {concept},a microscopic histopathology image demonstrating carcinoma in situ
positive__pathology_state__carcinoma_in_situ__t4,positive,pathology_state,carcinoma in situ,carcinoma_in_situ,4,a digital pathology image containing {concept},a digital pathology image containing carcinoma in situ
positive__pathology_state__benign_tumor_tissue__t0,positive,pathology_state,benign tumor tissue,benign_tumor_tissue,0,a hematoxylin and eosin histopathology image showing {concept},a hematoxylin and eosin histopathology image showing benign tumor tissue
positive__pathology_state__benign_tumor_tissue__t1,positive,pathology_state,benign tumor tissue,benign_tumor_tissue,1,an H&E stained histology image showing {concept},an H&E stained histology image showing benign tumor tissue
positive__pathology_state__benign_tumor_tissue__t2,positive,pathology_state,benign tumor tissue,benign_tumor_tissue,2,a pathology image of tissue with {concept},a pathology image of tissue with benign tumor tissue
positive__pathology_state__benign_tumor_tissue__t3,positive,pathology_state,benign tumor tissue,benign_tumor_tissue,3,a microscopic histopathology image demonstrating {concept},a microscopic histopathology image demonstrating benign tumor tissue
positive__pathology_state__benign_tumor_tissue__t4,positive,pathology_state,benign tumor tissue,benign_tumor_tissue,4,a digital pathology image containing {concept},a digital pathology image containing benign tumor tissue
positive__pathology_state__normal_tissue_architecture__t0,positive,pathology_state,normal tissue architecture,normal_tissue_architecture,0,a hematoxylin and eosin histopathology image showing {concept},a hematoxylin and eosin histopathology image showing normal tissue architecture
positive__pathology_state__normal_tissue_architecture__t1,positive,pathology_state,normal tissue architecture,normal_tissue_architecture,1,an H&E stained histology image showing {concept},an H&E stained histology image showing normal tissue architecture
positive__pathology_state__normal_tissue_architecture__t2,positive,pathology_state,normal tissue architecture,normal_tissue_architecture,2,a pathology image of tissue with {concept},a pathology image of tissue with normal tissue architecture
positive__pathology_state__normal_tissue_architecture__t3,positive,pathology_state,normal tissue architecture,normal_tissue_architecture,3,a microscopic histopathology image demonstrating {concept},a microscopic histopathology image demonstrating normal tissue architecture
positive__pathology_state__normal_tissue_architecture__t4,positive,pathology_state,normal tissue architecture,normal_tissue_architecture,4,a digital pathology image containing {concept},a digital pathology image containing normal tissue architecture
positive__pathology_state__atypical_epithelial_cells__t0,positive,pathology_state,atypical epithelial cells,atypical_epithelial_cells,0,a hematoxylin and eosin histopathology image showing {concept},a hematoxylin and eosin histopathology image showing atypical epithelial cells
positive__pathology_state__atypical_epithelial_cells__t1,positive,pathology_state,atypical epithelial cells,atypical_epithelial_cells,1,an H&E stained histology image showing {concept},an H&E stained histology image showing atypical epithelial cells
positive__pathology_state__atypical_epithelial_cells__t2,positive,pathology_state,atypical epithelial cells,atypical_epithelial_cells,2,a pathology image of tissue with {concept},a pathology image of tissue with atypical epithelial cells
positive__pathology_state__atypical_epithelial_cells__t3,positive,pathology_state,atypical epithelial cells,atypical_epithelial_cells,3,a microscopic histopathology image demonstrating {concept},a microscopic histopathology image demonstrating atypical epithelial cells
positive__pathology_state__atypical_epithelial_cells__t4,positive,pathology_state,atypical epithelial cells,atypical_epithelial_cells,4,a digital pathology image containing {concept},a digital pathology image containing atypical epithelial cells
positive__pathology_state__dysplastic_epithelium__t0,positive,pathology_state,dysplastic epithelium,dysplastic_epithelium,0,a hematoxylin and eosin histopathology image showing {concept},a hematoxylin and eosin histopathology image showing dysplastic epithelium
positive__pathology_state__dysplastic_epithelium__t1,positive,pathology_state,dysplastic epithelium,dysplastic_epithelium,1,an H&E stained histology image showing {concept},an H&E stained histology image showing dysplastic epithelium
positive__pathology_state__dysplastic_epithelium__t2,positive,pathology_state,dysplastic epithelium,dysplastic_epithelium,2,a pathology image of tissue with {concept},a pathology image of tissue with dysplastic epithelium
positive__pathology_state__dysplastic_epithelium__t3,positive,pathology_state,dysplastic epithelium,dysplastic_epithelium,3,a microscopic histopathology image demonstrating {concept},a microscopic histopathology image demonstrating dysplastic epithelium
positive__pathology_state__dysplastic_epithelium__t4,positive,pathology_state,dysplastic epithelium,dysplastic_epithelium,4,a digital pathology image containing {concept},a digital pathology image containing dysplastic epithelium
positive__pathology_state__high_cellularity_tumor__t0,positive,pathology_state,high cellularity tumor,high_cellularity_tumor,0,a hematoxylin and eosin histopathology image showing {concept},a hematoxylin and eosin histopathology image showing high cellularity tumor
positive__pathology_state__high_cellularity_tumor__t1,positive,pathology_state,high cellularity tumor,high_cellularity_tumor,1,an H&E stained histology image showing {concept},an H&E stained histology image showing high cellularity tumor
positive__pathology_state__high_cellularity_tumor__t2,positive,pathology_state,high cellularity tumor,high_cellularity_tumor,2,a pathology image of tissue with {concept},a pathology image of tissue with high cellularity tumor
positive__pathology_state__high_cellularity_tumor__t3,positive,pathology_state,high cellularity tumor,high_cellularity_tumor,3,a microscopic histopathology image demonstrating {concept},a microscopic histopathology image demonstrating high cellularity tumor
positive__pathology_state__high_cellularity_tumor__t4,positive,pathology_state,high cellularity tumor,high_cellularity_tumor,4,a digital pathology image containing {concept},a digital pathology image containing high cellularity tumor
positive__pathology_state__low_cellularity_tissue__t0,positive,pathology_state,low cellularity tissue,low_cellularity_tissue,0,a hematoxylin and eosin histopathology image showing {concept},a hematoxylin and eosin histopathology image showing low cellularity tissue
positive__pathology_state__low_cellularity_tissue__t1,positive,pathology_state,low cellularity tissue,low_cellularity_tissue,1,an H&E stained histology image showing {concept},an H&E stained histology image showing low cellularity tissue
positive__pathology_state__low_cellularity_tissue__t2,positive,pathology_state,low cellularity tissue,low_cellularity_tissue,2,a pathology image of tissue with {concept},a pathology image of tissue with low cellularity tissue
positive__pathology_state__low_cellularity_tissue__t3,positive,pathology_state,low cellularity tissue,low_cellularity_tissue,3,a microscopic histopathology image demonstrating {concept},a microscopic histopathology image demonstrating low cellularity tissue
positive__pathology_state__low_cellularity_tissue__t4,positive,pathology_state,low cellularity tissue,low_cellularity_tissue,4,a digital pathology image containing {concept},a digital pathology image containing low cellularity tissue
positive__pathology_state__mucin_rich_tissue__t0,positive,pathology_state,mucin-rich tissue,mucin_rich_tissue,0,a hematoxylin and eosin histopathology image showing {concept},a hematoxylin and eosin histopathology image showing mucin-rich tissue
positive__pathology_state__mucin_rich_tissue__t1,positive,pathology_state,mucin-rich tissue,mucin_rich_tissue,1,an H&E stained histology image showing {concept},an H&E stained histology image showing mucin-rich tissue
positive__pathology_state__mucin_rich_tissue__t2,positive,pathology_state,mucin-rich tissue,mucin_rich_tissue,2,a pathology image of tissue with {concept},a pathology image of tissue with mucin-rich tissue
positive__pathology_state__mucin_rich_tissue__t3,positive,pathology_state,mucin-rich tissue,mucin_rich_tissue,3,a microscopic histopathology image demonstrating {concept},a microscopic histopathology image demonstrating mucin-rich tissue
positive__pathology_state__mucin_rich_tissue__t4,positive,pathology_state,mucin-rich tissue,mucin_rich_tissue,4,a digital pathology image containing {concept},a digital pathology image containing mucin-rich tissue
positive__pathology_state__extracellular_mucin__t0,positive,pathology_state,extracellular mucin,extracellular_mucin,0,a hematoxylin and eosin histopathology image showing {concept},a hematoxylin and eosin histopathology image showing extracellular mucin
positive__pathology_state__extracellular_mucin__t1,positive,pathology_state,extracellular mucin,extracellular_mucin,1,an H&E stained histology image showing {concept},an H&E stained histology image showing extracellular mucin
positive__pathology_state__extracellular_mucin__t2,positive,pathology_state,extracellular mucin,extracellular_mucin,2,a pathology image of tissue with {concept},a pathology image of tissue with extracellular mucin
positive__pathology_state__extracellular_mucin__t3,positive,pathology_state,extracellular mucin,extracellular_mucin,3,a microscopic histopathology image demonstrating {concept},a microscopic histopathology image demonstrating extracellular mucin
positive__pathology_state__extracellular_mucin__t4,positive,pathology_state,extracellular mucin,extracellular_mucin,4,a digital pathology image containing {concept},a digital pathology image containing extracellular mucin
positive__pathology_state__intracellular_mucin__t0,positive,pathology_state,intracellular mucin,intracellular_mucin,0,a hematoxylin and eosin histopathology image showing {concept},a hematoxylin and eosin histopathology image showing intracellular mucin
positive__pathology_state__intracellular_mucin__t1,positive,pathology_state,intracellular mucin,intracellular_mucin,1,an H&E stained histology image showing {concept},an H&E stained histology image showing intracellular mucin
positive__pathology_state__intracellular_mucin__t2,positive,pathology_state,intracellular mucin,intracellular_mucin,2,a pathology image of tissue with {concept},a pathology image of tissue with intracellular mucin
positive__pathology_state__intracellular_mucin__t3,positive,pathology_state,intracellular mucin,intracellular_mucin,3,a microscopic histopathology image demonstrating {concept},a microscopic histopathology image demonstrating intracellular mucin
positive__pathology_state__intracellular_mucin__t4,positive,pathology_state,intracellular mucin,intracellular_mucin,4,a digital pathology image containing {concept},a digital pathology image containing intracellular mucin
positive__pathology_state__necrosis__t0,positive,pathology_state,necrosis,necrosis,0,a hematoxylin and eosin histopathology image showing {concept},a hematoxylin and eosin histopathology image showing necrosis
positive__pathology_state__necrosis__t1,positive,pathology_state,necrosis,necrosis,1,an H&E stained histology image showing {concept},an H&E stained histology image showing necrosis
positive__pathology_state__necrosis__t2,positive,pathology_state,necrosis,necrosis,2,a pathology image of tissue with {concept},a pathology image of tissue with necrosis
positive__pathology_state__necrosis__t3,positive,pathology_state,necrosis,necrosis,3,a microscopic histopathology image demonstrating {concept},a microscopic histopathology image demonstrating necrosis
positive__pathology_state__necrosis__t4,positive,pathology_state,necrosis,necrosis,4,a digital pathology image containing {concept},a digital pathology image containing necrosis
positive__pathology_state__tumor_necrosis__t0,positive,pathology_state,tumor necrosis,tumor_necrosis,0,a hematoxylin and eosin histopathology image showing {concept},a hematoxylin and eosin histopathology image showing tumor necrosis
positive__pathology_state__tumor_necrosis__t1,positive,pathology_state,tumor necrosis,tumor_necrosis,1,an H&E stained histology image showing {concept},an H&E stained histology image showing tumor necrosis
positive__pathology_state__tumor_necrosis__t2,positive,pathology_state,tumor necrosis,tumor_necrosis,2,a pathology image of tissue with {concept},a pathology image of tissue with tumor necrosis
positive__pathology_state__tumor_necrosis__t3,positive,pathology_state,tumor necrosis,tumor_necrosis,3,a microscopic histopathology image demonstrating {concept},a microscopic histopathology image demonstrating tumor necrosis
positive__pathology_state__tumor_necrosis__t4,positive,pathology_state,tumor necrosis,tumor_necrosis,4,a digital pathology image containing {concept},a digital pathology image containing tumor necrosis
positive__pathology_state__comedonecrosis_like_morphology__t0,positive,pathology_state,comedonecrosis-like morphology,comedonecrosis_like_morphology,0,a hematoxylin and eosin histopathology image showing {concept},a hematoxylin and eosin histopathology image showing comedonecrosis-like morphology
positive__pathology_state__comedonecrosis_like_morphology__t1,positive,pathology_state,comedonecrosis-like morphology,comedonecrosis_like_morphology,1,an H&E stained histology image showing {concept},an H&E stained histology image showing comedonecrosis-like morphology
positive__pathology_state__comedonecrosis_like_morphology__t2,positive,pathology_state,comedonecrosis-like morphology,comedonecrosis_like_morphology,2,a pathology image of tissue with {concept},a pathology image of tissue with comedonecrosis-like morphology
positive__pathology_state__comedonecrosis_like_morphology__t3,positive,pathology_state,comedonecrosis-like morphology,comedonecrosis_like_morphology,3,a microscopic histopathology image demonstrating {concept},a microscopic histopathology image demonstrating comedonecrosis-like morphology
positive__pathology_state__comedonecrosis_like_morphology__t4,positive,pathology_state,comedonecrosis-like morphology,comedonecrosis_like_morphology,4,a digital pathology image containing {concept},a digital pathology image containing comedonecrosis-like morphology
positive__pathology_state__fibrosis__t0,positive,pathology_state,fibrosis,fibrosis,0,a hematoxylin and eosin histopathology image showing {concept},a hematoxylin and eosin histopathology image showing fibrosis
positive__pathology_state__fibrosis__t1,positive,pathology_state,fibrosis,fibrosis,1,an H&E stained histology image showing {concept},an H&E stained histology image showing fibrosis
positive__pathology_state__fibrosis__t2,positive,pathology_state,fibrosis,fibrosis,2,a pathology image of tissue with {concept},a pathology image of tissue with fibrosis
positive__pathology_state__fibrosis__t3,positive,pathology_state,fibrosis,fibrosis,3,a microscopic histopathology image demonstrating {concept},a microscopic histopathology image demonstrating fibrosis
positive__pathology_state__fibrosis__t4,positive,pathology_state,fibrosis,fibrosis,4,a digital pathology image containing {concept},a digital pathology image containing fibrosis
positive__pathology_state__scar_like_fibrosis__t0,positive,pathology_state,scar-like fibrosis,scar_like_fibrosis,0,a hematoxylin and eosin histopathology image showing {concept},a hematoxylin and eosin histopathology image showing scar-like fibrosis
positive__pathology_state__scar_like_fibrosis__t1,positive,pathology_state,scar-like fibrosis,scar_like_fibrosis,1,an H&E stained histology image showing {concept},an H&E stained histology image showing scar-like fibrosis
positive__pathology_state__scar_like_fibrosis__t2,positive,pathology_state,scar-like fibrosis,scar_like_fibrosis,2,a pathology image of tissue with {concept},a pathology image of tissue with scar-like fibrosis
positive__pathology_state__scar_like_fibrosis__t3,positive,pathology_state,scar-like fibrosis,scar_like_fibrosis,3,a microscopic histopathology image demonstrating {concept},a microscopic histopathology image demonstrating scar-like fibrosis
positive__pathology_state__scar_like_fibrosis__t4,positive,pathology_state,scar-like fibrosis,scar_like_fibrosis,4,a digital pathology image containing {concept},a digital pathology image containing scar-like fibrosis
positive__pathology_state__inflammation__t0,positive,pathology_state,inflammation,inflammation,0,a hematoxylin and eosin histopathology image showing {concept},a hematoxylin and eosin histopathology image showing inflammation
positive__pathology_state__inflammation__t1,positive,pathology_state,inflammation,inflammation,1,an H&E stained histology image showing {concept},an H&E stained histology image showing inflammation
positive__pathology_state__inflammation__t2,positive,pathology_state,inflammation,inflammation,2,a pathology image of tissue with {concept},a pathology image of tissue with inflammation
positive__pathology_state__inflammation__t3,positive,pathology_state,inflammation,inflammation,3,a microscopic histopathology image demonstrating {concept},a microscopic histopathology image demonstrating inflammation
positive__pathology_state__inflammation__t4,positive,pathology_state,inflammation,inflammation,4,a digital pathology image containing {concept},a digital pathology image containing inflammation
positive__pathology_state__chronic_inflammation__t0,positive,pathology_state,chronic inflammation,chronic_inflammation,0,a hematoxylin and eosin histopathology image showing {concept},a hematoxylin and eosin histopathology image showing chronic inflammation
positive__pathology_state__chronic_inflammation__t1,positive,pathology_state,chronic inflammation,chronic_inflammation,1,an H&E stained histology image showing {concept},an H&E stained histology image showing chronic inflammation
positive__pathology_state__chronic_inflammation__t2,positive,pathology_state,chronic inflammation,chronic_inflammation,2,a pathology image of tissue with {concept},a pathology image of tissue with chronic inflammation
positive__pathology_state__chronic_inflammation__t3,positive,pathology_state,chronic inflammation,chronic_inflammation,3,a microscopic histopathology image demonstrating {concept},a microscopic histopathology image demonstrating chronic inflammation
positive__pathology_state__chronic_inflammation__t4,positive,pathology_state,chronic inflammation,chronic_inflammation,4,a digital pathology image containing {concept},a digital pathology image containing chronic inflammation
positive__pathology_state__acute_inflammation__t0,positive,pathology_state,acute inflammation,acute_inflammation,0,a hematoxylin and eosin histopathology image showing {concept},a hematoxylin and eosin histopathology image showing acute inflammation
positive__pathology_state__acute_inflammation__t1,positive,pathology_state,acute inflammation,acute_inflammation,1,an H&E stained histology image showing {concept},an H&E stained histology image showing acute inflammation
positive__pathology_state__acute_inflammation__t2,positive,pathology_state,acute inflammation,acute_inflammation,2,a pathology image of tissue with {concept},a pathology image of tissue with acute inflammation
positive__pathology_state__acute_inflammation__t3,positive,pathology_state,acute inflammation,acute_inflammation,3,a microscopic histopathology image demonstrating {concept},a microscopic histopathology image demonstrating acute inflammation
positive__pathology_state__acute_inflammation__t4,positive,pathology_state,acute inflammation,acute_inflammation,4,a digital pathology image containing {concept},a digital pathology image containing acute inflammation
positive__pathology_state__granulation_tissue__t0,positive,pathology_state,granulation tissue,granulation_tissue,0,a hematoxylin and eosin histopathology image showing {concept},a hematoxylin and eosin histopathology image showing granulation tissue
positive__pathology_state__granulation_tissue__t1,positive,pathology_state,granulation tissue,granulation_tissue,1,an H&E stained histology image showing {concept},an H&E stained histology image showing granulation tissue
positive__pathology_state__granulation_tissue__t2,positive,pathology_state,granulation tissue,granulation_tissue,2,a pathology image of tissue with {concept},a pathology image of tissue with granulation tissue
positive__pathology_state__granulation_tissue__t3,positive,pathology_state,granulation tissue,granulation_tissue,3,a microscopic histopathology image demonstrating {concept},a microscopic histopathology image demonstrating granulation tissue
positive__pathology_state__granulation_tissue__t4,positive,pathology_state,granulation tissue,granulation_tissue,4,a digital pathology image containing {concept},a digital pathology image containing granulation tissue
positive__pathology_state__edema__t0,positive,pathology_state,edema,edema,0,a hematoxylin and eosin histopathology image showing {concept},a hematoxylin and eosin histopathology image showing edema
positive__pathology_state__edema__t1,positive,pathology_state,edema,edema,1,an H&E stained histology image showing {concept},an H&E stained histology image showing edema
positive__pathology_state__edema__t2,positive,pathology_state,edema,edema,2,a pathology image of tissue with {concept},a pathology image of tissue with edema
positive__pathology_state__edema__t3,positive,pathology_state,edema,edema,3,a microscopic histopathology image demonstrating {concept},a microscopic histopathology image demonstrating edema
positive__pathology_state__edema__t4,positive,pathology_state,edema,edema,4,a digital pathology image containing {concept},a digital pathology image containing edema
positive__pathology_state__calcification__t0,positive,pathology_state,calcification,calcification,0,a hematoxylin and eosin histopathology image showing {concept},a hematoxylin and eosin histopathology image showing calcification
positive__pathology_state__calcification__t1,positive,pathology_state,calcification,calcification,1,an H&E stained histology image showing {concept},an H&E stained histology image showing calcification
positive__pathology_state__calcification__t2,positive,pathology_state,calcification,calcification,2,a pathology image of tissue with {concept},a pathology image of tissue with calcification
positive__pathology_state__calcification__t3,positive,pathology_state,calcification,calcification,3,a microscopic histopathology image demonstrating {concept},a microscopic histopathology image demonstrating calcification
positive__pathology_state__calcification__t4,positive,pathology_state,calcification,calcification,4,a digital pathology image containing {concept},a digital pathology image containing calcification
positive__pathology_state__keratinization__t0,positive,pathology_state,keratinization,keratinization,0,a hematoxylin and eosin histopathology image showing {concept},a hematoxylin and eosin histopathology image showing keratinization
positive__pathology_state__keratinization__t1,positive,pathology_state,keratinization,keratinization,1,an H&E stained histology image showing {concept},an H&E stained histology image showing keratinization
positive__pathology_state__keratinization__t2,positive,pathology_state,keratinization,keratinization,2,a pathology image of tissue with {concept},a pathology image of tissue with keratinization
positive__pathology_state__keratinization__t3,positive,pathology_state,keratinization,keratinization,3,a microscopic histopathology image demonstrating {concept},a microscopic histopathology image demonstrating keratinization
positive__pathology_state__keratinization__t4,positive,pathology_state,keratinization,keratinization,4,a digital pathology image containing {concept},a digital pathology image containing keratinization
positive__pathology_state__squamous_differentiation__t0,positive,pathology_state,squamous differentiation,squamous_differentiation,0,a hematoxylin and eosin histopathology image showing {concept},a hematoxylin and eosin histopathology image showing squamous differentiation
positive__pathology_state__squamous_differentiation__t1,positive,pathology_state,squamous differentiation,squamous_differentiation,1,an H&E stained histology image showing {concept},an H&E stained histology image showing squamous differentiation
positive__pathology_state__squamous_differentiation__t2,positive,pathology_state,squamous differentiation,squamous_differentiation,2,a pathology image of tissue with {concept},a pathology image of tissue with squamous differentiation
positive__pathology_state__squamous_differentiation__t3,positive,pathology_state,squamous differentiation,squamous_differentiation,3,a microscopic histopathology image demonstrating {concept},a microscopic histopathology image demonstrating squamous differentiation
positive__pathology_state__squamous_differentiation__t4,positive,pathology_state,squamous differentiation,squamous_differentiation,4,a digital pathology image containing {concept},a digital pathology image containing squamous differentiation
positive__pathology_state__clear_cell_morphology__t0,positive,pathology_state,clear cell morphology,clear_cell_morphology,0,a hematoxylin and eosin histopathology image showing {concept},a hematoxylin and eosin histopathology image showing clear cell morphology
positive__pathology_state__clear_cell_morphology__t1,positive,pathology_state,clear cell morphology,clear_cell_morphology,1,an H&E stained histology image showing {concept},an H&E stained histology image showing clear cell morphology
positive__pathology_state__clear_cell_morphology__t2,positive,pathology_state,clear cell morphology,clear_cell_morphology,2,a pathology image of tissue with {concept},a pathology image of tissue with clear cell morphology
positive__pathology_state__clear_cell_morphology__t3,positive,pathology_state,clear cell morphology,clear_cell_morphology,3,a microscopic histopathology image demonstrating {concept},a microscopic histopathology image demonstrating clear cell morphology
positive__pathology_state__clear_cell_morphology__t4,positive,pathology_state,clear cell morphology,clear_cell_morphology,4,a digital pathology image containing {concept},a digital pathology image containing clear cell morphology
positive__pathology_state__pigmented_tissue__t0,positive,pathology_state,pigmented tissue,pigmented_tissue,0,a hematoxylin and eosin histopathology image showing {concept},a hematoxylin and eosin histopathology image showing pigmented tissue
positive__pathology_state__pigmented_tissue__t1,positive,pathology_state,pigmented tissue,pigmented_tissue,1,an H&E stained histology image showing {concept},an H&E stained histology image showing pigmented tissue
positive__pathology_state__pigmented_tissue__t2,positive,pathology_state,pigmented tissue,pigmented_tissue,2,a pathology image of tissue with {concept},a pathology image of tissue with pigmented tissue
positive__pathology_state__pigmented_tissue__t3,positive,pathology_state,pigmented tissue,pigmented_tissue,3,a microscopic histopathology image demonstrating {concept},a microscopic histopathology image demonstrating pigmented tissue
positive__pathology_state__pigmented_tissue__t4,positive,pathology_state,pigmented tissue,pigmented_tissue,4,a digital pathology image containing {concept},a digital pathology image containing pigmented tissue
positive__pathology_state__melanin_pigment__t0,positive,pathology_state,melanin pigment,melanin_pigment,0,a hematoxylin and eosin histopathology image showing {concept},a hematoxylin and eosin histopathology image showing melanin pigment
positive__pathology_state__melanin_pigment__t1,positive,pathology_state,melanin pigment,melanin_pigment,1,an H&E stained histology image showing {concept},an H&E stained histology image showing melanin pigment
positive__pathology_state__melanin_pigment__t2,positive,pathology_state,melanin pigment,melanin_pigment,2,a pathology image of tissue with {concept},a pathology image of tissue with melanin pigment
positive__pathology_state__melanin_pigment__t3,positive,pathology_state,melanin pigment,melanin_pigment,3,a microscopic histopathology image demonstrating {concept},a microscopic histopathology image demonstrating melanin pigment
positive__pathology_state__melanin_pigment__t4,positive,pathology_state,melanin pigment,melanin_pigment,4,a digital pathology image containing {concept},a digital pathology image containing melanin pigment
positive__pathology_state__foamy_macrophages__t0,positive,pathology_state,foamy macrophages,foamy_macrophages,0,a hematoxylin and eosin histopathology image showing {concept},a hematoxylin and eosin histopathology image showing foamy macrophages
positive__pathology_state__foamy_macrophages__t1,positive,pathology_state,foamy macrophages,foamy_macrophages,1,an H&E stained histology image showing {concept},an H&E stained histology image showing foamy macrophages
positive__pathology_state__foamy_macrophages__t2,positive,pathology_state,foamy macrophages,foamy_macrophages,2,a pathology image of tissue with {concept},a pathology image of tissue with foamy macrophages
positive__pathology_state__foamy_macrophages__t3,positive,pathology_state,foamy macrophages,foamy_macrophages,3,a microscopic histopathology image demonstrating {concept},a microscopic histopathology image demonstrating foamy macrophages
positive__pathology_state__foamy_macrophages__t4,positive,pathology_state,foamy macrophages,foamy_macrophages,4,a digital pathology image containing {concept},a digital pathology image containing foamy macrophages
positive__pathology_state__cholesterol_clefts__t0,positive,pathology_state,cholesterol clefts,cholesterol_clefts,0,a hematoxylin and eosin histopathology image showing {concept},a hematoxylin and eosin histopathology image showing cholesterol clefts
positive__pathology_state__cholesterol_clefts__t1,positive,pathology_state,cholesterol clefts,cholesterol_clefts,1,an H&E stained histology image showing {concept},an H&E stained histology image showing cholesterol clefts
positive__pathology_state__cholesterol_clefts__t2,positive,pathology_state,cholesterol clefts,cholesterol_clefts,2,a pathology image of tissue with {concept},a pathology image of tissue with cholesterol clefts
positive__pathology_state__cholesterol_clefts__t3,positive,pathology_state,cholesterol clefts,cholesterol_clefts,3,a microscopic histopathology image demonstrating {concept},a microscopic histopathology image demonstrating cholesterol clefts
positive__pathology_state__cholesterol_clefts__t4,positive,pathology_state,cholesterol clefts,cholesterol_clefts,4,a digital pathology image containing {concept},a digital pathology image containing cholesterol clefts
positive__cellular_nuclear__dense_nuclei__t0,positive,cellular_nuclear,dense nuclei,dense_nuclei,0,a hematoxylin and eosin histopathology image showing {concept},a hematoxylin and eosin histopathology image showing dense nuclei
positive__cellular_nuclear__dense_nuclei__t1,positive,cellular_nuclear,dense nuclei,dense_nuclei,1,an H&E stained histology image showing {concept},an H&E stained histology image showing dense nuclei
positive__cellular_nuclear__dense_nuclei__t2,positive,cellular_nuclear,dense nuclei,dense_nuclei,2,a pathology image of tissue with {concept},a pathology image of tissue with dense nuclei
positive__cellular_nuclear__dense_nuclei__t3,positive,cellular_nuclear,dense nuclei,dense_nuclei,3,a microscopic histopathology image demonstrating {concept},a microscopic histopathology image demonstrating dense nuclei
positive__cellular_nuclear__dense_nuclei__t4,positive,cellular_nuclear,dense nuclei,dense_nuclei,4,a digital pathology image containing {concept},a digital pathology image containing dense nuclei
positive__cellular_nuclear__sparse_nuclei__t0,positive,cellular_nuclear,sparse nuclei,sparse_nuclei,0,a hematoxylin and eosin histopathology image showing {concept},a hematoxylin and eosin histopathology image showing sparse nuclei
positive__cellular_nuclear__sparse_nuclei__t1,positive,cellular_nuclear,sparse nuclei,sparse_nuclei,1,an H&E stained histology image showing {concept},an H&E stained histology image showing sparse nuclei
positive__cellular_nuclear__sparse_nuclei__t2,positive,cellular_nuclear,sparse nuclei,sparse_nuclei,2,a pathology image of tissue with {concept},a pathology image of tissue with sparse nuclei
positive__cellular_nuclear__sparse_nuclei__t3,positive,cellular_nuclear,sparse nuclei,sparse_nuclei,3,a microscopic histopathology image demonstrating {concept},a microscopic histopathology image demonstrating sparse nuclei
positive__cellular_nuclear__sparse_nuclei__t4,positive,cellular_nuclear,sparse nuclei,sparse_nuclei,4,a digital pathology image containing {concept},a digital pathology image containing sparse nuclei
positive__cellular_nuclear__high_nuclear_density__t0,positive,cellular_nuclear,high nuclear density,high_nuclear_density,0,a hematoxylin and eosin histopathology image showing {concept},a hematoxylin and eosin histopathology image showing high nuclear density
positive__cellular_nuclear__high_nuclear_density__t1,positive,cellular_nuclear,high nuclear density,high_nuclear_density,1,an H&E stained histology image showing {concept},an H&E stained histology image showing high nuclear density
positive__cellular_nuclear__high_nuclear_density__t2,positive,cellular_nuclear,high nuclear density,high_nuclear_density,2,a pathology image of tissue with {concept},a pathology image of tissue with high nuclear density
positive__cellular_nuclear__high_nuclear_density__t3,positive,cellular_nuclear,high nuclear density,high_nuclear_density,3,a microscopic histopathology image demonstrating {concept},a microscopic histopathology image demonstrating high nuclear density
positive__cellular_nuclear__high_nuclear_density__t4,positive,cellular_nuclear,high nuclear density,high_nuclear_density,4,a digital pathology image containing {concept},a digital pathology image containing high nuclear density
positive__cellular_nuclear__low_nuclear_density__t0,positive,cellular_nuclear,low nuclear density,low_nuclear_density,0,a hematoxylin and eosin histopathology image showing {concept},a hematoxylin and eosin histopathology image showing low nuclear density
positive__cellular_nuclear__low_nuclear_density__t1,positive,cellular_nuclear,low nuclear density,low_nuclear_density,1,an H&E stained histology image showing {concept},an H&E stained histology image showing low nuclear density
positive__cellular_nuclear__low_nuclear_density__t2,positive,cellular_nuclear,low nuclear density,low_nuclear_density,2,a pathology image of tissue with {concept},a pathology image of tissue with low nuclear density
positive__cellular_nuclear__low_nuclear_density__t3,positive,cellular_nuclear,low nuclear density,low_nuclear_density,3,a microscopic histopathology image demonstrating {concept},a microscopic histopathology image demonstrating low nuclear density
positive__cellular_nuclear__low_nuclear_density__t4,positive,cellular_nuclear,low nuclear density,low_nuclear_density,4,a digital pathology image containing {concept},a digital pathology image containing low nuclear density
positive__cellular_nuclear__large_atypical_nuclei__t0,positive,cellular_nuclear,large atypical nuclei,large_atypical_nuclei,0,a hematoxylin and eosin histopathology image showing {concept},a hematoxylin and eosin histopathology image showing large atypical nuclei
positive__cellular_nuclear__large_atypical_nuclei__t1,positive,cellular_nuclear,large atypical nuclei,large_atypical_nuclei,1,an H&E stained histology image showing {concept},an H&E stained histology image showing large atypical nuclei
positive__cellular_nuclear__large_atypical_nuclei__t2,positive,cellular_nuclear,large atypical nuclei,large_atypical_nuclei,2,a pathology image of tissue with {concept},a pathology image of tissue with large atypical nuclei
positive__cellular_nuclear__large_atypical_nuclei__t3,positive,cellular_nuclear,large atypical nuclei,large_atypical_nuclei,3,a microscopic histopathology image demonstrating {concept},a microscopic histopathology image demonstrating large atypical nuclei
positive__cellular_nuclear__large_atypical_nuclei__t4,positive,cellular_nuclear,large atypical nuclei,large_atypical_nuclei,4,a digital pathology image containing {concept},a digital pathology image containing large atypical nuclei
positive__cellular_nuclear__small_uniform_nuclei__t0,positive,cellular_nuclear,small uniform nuclei,small_uniform_nuclei,0,a hematoxylin and eosin histopathology image showing {concept},a hematoxylin and eosin histopathology image showing small uniform nuclei
positive__cellular_nuclear__small_uniform_nuclei__t1,positive,cellular_nuclear,small uniform nuclei,small_uniform_nuclei,1,an H&E stained histology image showing {concept},an H&E stained histology image showing small uniform nuclei
positive__cellular_nuclear__small_uniform_nuclei__t2,positive,cellular_nuclear,small uniform nuclei,small_uniform_nuclei,2,a pathology image of tissue with {concept},a pathology image of tissue with small uniform nuclei
positive__cellular_nuclear__small_uniform_nuclei__t3,positive,cellular_nuclear,small uniform nuclei,small_uniform_nuclei,3,a microscopic histopathology image demonstrating {concept},a microscopic histopathology image demonstrating small uniform nuclei
positive__cellular_nuclear__small_uniform_nuclei__t4,positive,cellular_nuclear,small uniform nuclei,small_uniform_nuclei,4,a digital pathology image containing {concept},a digital pathology image containing small uniform nuclei
positive__cellular_nuclear__pleomorphic_nuclei__t0,positive,cellular_nuclear,pleomorphic nuclei,pleomorphic_nuclei,0,a hematoxylin and eosin histopathology image showing {concept},a hematoxylin and eosin histopathology image showing pleomorphic nuclei
positive__cellular_nuclear__pleomorphic_nuclei__t1,positive,cellular_nuclear,pleomorphic nuclei,pleomorphic_nuclei,1,an H&E stained histology image showing {concept},an H&E stained histology image showing pleomorphic nuclei
positive__cellular_nuclear__pleomorphic_nuclei__t2,positive,cellular_nuclear,pleomorphic nuclei,pleomorphic_nuclei,2,a pathology image of tissue with {concept},a pathology image of tissue with pleomorphic nuclei
positive__cellular_nuclear__pleomorphic_nuclei__t3,positive,cellular_nuclear,pleomorphic nuclei,pleomorphic_nuclei,3,a microscopic histopathology image demonstrating {concept},a microscopic histopathology image demonstrating pleomorphic nuclei
positive__cellular_nuclear__pleomorphic_nuclei__t4,positive,cellular_nuclear,pleomorphic nuclei,pleomorphic_nuclei,4,a digital pathology image containing {concept},a digital pathology image containing pleomorphic nuclei
positive__cellular_nuclear__hyperchromatic_nuclei__t0,positive,cellular_nuclear,hyperchromatic nuclei,hyperchromatic_nuclei,0,a hematoxylin and eosin histopathology image showing {concept},a hematoxylin and eosin histopathology image showing hyperchromatic nuclei
positive__cellular_nuclear__hyperchromatic_nuclei__t1,positive,cellular_nuclear,hyperchromatic nuclei,hyperchromatic_nuclei,1,an H&E stained histology image showing {concept},an H&E stained histology image showing hyperchromatic nuclei
positive__cellular_nuclear__hyperchromatic_nuclei__t2,positive,cellular_nuclear,hyperchromatic nuclei,hyperchromatic_nuclei,2,a pathology image of tissue with {concept},a pathology image of tissue with hyperchromatic nuclei
positive__cellular_nuclear__hyperchromatic_nuclei__t3,positive,cellular_nuclear,hyperchromatic nuclei,hyperchromatic_nuclei,3,a microscopic histopathology image demonstrating {concept},a microscopic histopathology image demonstrating hyperchromatic nuclei
positive__cellular_nuclear__hyperchromatic_nuclei__t4,positive,cellular_nuclear,hyperchromatic nuclei,hyperchromatic_nuclei,4,a digital pathology image containing {concept},a digital pathology image containing hyperchromatic nuclei
positive__cellular_nuclear__vesicular_nuclei__t0,positive,cellular_nuclear,vesicular nuclei,vesicular_nuclei,0,a hematoxylin and eosin histopathology image showing {concept},a hematoxylin and eosin histopathology image showing vesicular nuclei
positive__cellular_nuclear__vesicular_nuclei__t1,positive,cellular_nuclear,vesicular nuclei,vesicular_nuclei,1,an H&E stained histology image showing {concept},an H&E stained histology image showing vesicular nuclei
positive__cellular_nuclear__vesicular_nuclei__t2,positive,cellular_nuclear,vesicular nuclei,vesicular_nuclei,2,a pathology image of tissue with {concept},a pathology image of tissue with vesicular nuclei
positive__cellular_nuclear__vesicular_nuclei__t3,positive,cellular_nuclear,vesicular nuclei,vesicular_nuclei,3,a microscopic histopathology image demonstrating {concept},a microscopic histopathology image demonstrating vesicular nuclei
positive__cellular_nuclear__vesicular_nuclei__t4,positive,cellular_nuclear,vesicular nuclei,vesicular_nuclei,4,a digital pathology image containing {concept},a digital pathology image containing vesicular nuclei
positive__cellular_nuclear__prominent_nucleoli__t0,positive,cellular_nuclear,prominent nucleoli,prominent_nucleoli,0,a hematoxylin and eosin histopathology image showing {concept},a hematoxylin and eosin histopathology image showing prominent nucleoli
positive__cellular_nuclear__prominent_nucleoli__t1,positive,cellular_nuclear,prominent nucleoli,prominent_nucleoli,1,an H&E stained histology image showing {concept},an H&E stained histology image showing prominent nucleoli
positive__cellular_nuclear__prominent_nucleoli__t2,positive,cellular_nuclear,prominent nucleoli,prominent_nucleoli,2,a pathology image of tissue with {concept},a pathology image of tissue with prominent nucleoli
positive__cellular_nuclear__prominent_nucleoli__t3,positive,cellular_nuclear,prominent nucleoli,prominent_nucleoli,3,a microscopic histopathology image demonstrating {concept},a microscopic histopathology image demonstrating prominent nucleoli
positive__cellular_nuclear__prominent_nucleoli__t4,positive,cellular_nuclear,prominent nucleoli,prominent_nucleoli,4,a digital pathology image containing {concept},a digital pathology image containing prominent nucleoli
positive__cellular_nuclear__mitotic_figures__t0,positive,cellular_nuclear,mitotic figures,mitotic_figures,0,a hematoxylin and eosin histopathology image showing {concept},a hematoxylin and eosin histopathology image showing mitotic figures
positive__cellular_nuclear__mitotic_figures__t1,positive,cellular_nuclear,mitotic figures,mitotic_figures,1,an H&E stained histology image showing {concept},an H&E stained histology image showing mitotic figures
positive__cellular_nuclear__mitotic_figures__t2,positive,cellular_nuclear,mitotic figures,mitotic_figures,2,a pathology image of tissue with {concept},a pathology image of tissue with mitotic figures
positive__cellular_nuclear__mitotic_figures__t3,positive,cellular_nuclear,mitotic figures,mitotic_figures,3,a microscopic histopathology image demonstrating {concept},a microscopic histopathology image demonstrating mitotic figures
positive__cellular_nuclear__mitotic_figures__t4,positive,cellular_nuclear,mitotic figures,mitotic_figures,4,a digital pathology image containing {concept},a digital pathology image containing mitotic figures
positive__cellular_nuclear__apoptotic_bodies__t0,positive,cellular_nuclear,apoptotic bodies,apoptotic_bodies,0,a hematoxylin and eosin histopathology image showing {concept},a hematoxylin and eosin histopathology image showing apoptotic bodies
positive__cellular_nuclear__apoptotic_bodies__t1,positive,cellular_nuclear,apoptotic bodies,apoptotic_bodies,1,an H&E stained histology image showing {concept},an H&E stained histology image showing apoptotic bodies
positive__cellular_nuclear__apoptotic_bodies__t2,positive,cellular_nuclear,apoptotic bodies,apoptotic_bodies,2,a pathology image of tissue with {concept},a pathology image of tissue with apoptotic bodies
positive__cellular_nuclear__apoptotic_bodies__t3,positive,cellular_nuclear,apoptotic bodies,apoptotic_bodies,3,a microscopic histopathology image demonstrating {concept},a microscopic histopathology image demonstrating apoptotic bodies
positive__cellular_nuclear__apoptotic_bodies__t4,positive,cellular_nuclear,apoptotic bodies,apoptotic_bodies,4,a digital pathology image containing {concept},a digital pathology image containing apoptotic bodies
positive__cellular_nuclear__tumor_cells_with_enlarged_nuclei__t0,positive,cellular_nuclear,tumor cells with enlarged nuclei,tumor_cells_with_enlarged_nuclei,0,a hematoxylin and eosin histopathology image showing {concept},a hematoxylin and eosin histopathology image showing tumor cells with enlarged nuclei
positive__cellular_nuclear__tumor_cells_with_enlarged_nuclei__t1,positive,cellular_nuclear,tumor cells with enlarged nuclei,tumor_cells_with_enlarged_nuclei,1,an H&E stained histology image showing {concept},an H&E stained histology image showing tumor cells with enlarged nuclei
positive__cellular_nuclear__tumor_cells_with_enlarged_nuclei__t2,positive,cellular_nuclear,tumor cells with enlarged nuclei,tumor_cells_with_enlarged_nuclei,2,a pathology image of tissue with {concept},a pathology image of tissue with tumor cells with enlarged nuclei
positive__cellular_nuclear__tumor_cells_with_enlarged_nuclei__t3,positive,cellular_nuclear,tumor cells with enlarged nuclei,tumor_cells_with_enlarged_nuclei,3,a microscopic histopathology image demonstrating {concept},a microscopic histopathology image demonstrating tumor cells with enlarged nuclei
positive__cellular_nuclear__tumor_cells_with_enlarged_nuclei__t4,positive,cellular_nuclear,tumor cells with enlarged nuclei,tumor_cells_with_enlarged_nuclei,4,a digital pathology image containing {concept},a digital pathology image containing tumor cells with enlarged nuclei
positive__cellular_nuclear__spindle_shaped_cells__t0,positive,cellular_nuclear,spindle-shaped cells,spindle_shaped_cells,0,a hematoxylin and eosin histopathology image showing {concept},a hematoxylin and eosin histopathology image showing spindle-shaped cells
positive__cellular_nuclear__spindle_shaped_cells__t1,positive,cellular_nuclear,spindle-shaped cells,spindle_shaped_cells,1,an H&E stained histology image showing {concept},an H&E stained histology image showing spindle-shaped cells
positive__cellular_nuclear__spindle_shaped_cells__t2,positive,cellular_nuclear,spindle-shaped cells,spindle_shaped_cells,2,a pathology image of tissue with {concept},a pathology image of tissue with spindle-shaped cells
positive__cellular_nuclear__spindle_shaped_cells__t3,positive,cellular_nuclear,spindle-shaped cells,spindle_shaped_cells,3,a microscopic histopathology image demonstrating {concept},a microscopic histopathology image demonstrating spindle-shaped cells
positive__cellular_nuclear__spindle_shaped_cells__t4,positive,cellular_nuclear,spindle-shaped cells,spindle_shaped_cells,4,a digital pathology image containing {concept},a digital pathology image containing spindle-shaped cells
positive__cellular_nuclear__round_tumor_cells__t0,positive,cellular_nuclear,round tumor cells,round_tumor_cells,0,a hematoxylin and eosin histopathology image showing {concept},a hematoxylin and eosin histopathology image showing round tumor cells
positive__cellular_nuclear__round_tumor_cells__t1,positive,cellular_nuclear,round tumor cells,round_tumor_cells,1,an H&E stained histology image showing {concept},an H&E stained histology image showing round tumor cells
positive__cellular_nuclear__round_tumor_cells__t2,positive,cellular_nuclear,round tumor cells,round_tumor_cells,2,a pathology image of tissue with {concept},a pathology image of tissue with round tumor cells
positive__cellular_nuclear__round_tumor_cells__t3,positive,cellular_nuclear,round tumor cells,round_tumor_cells,3,a microscopic histopathology image demonstrating {concept},a microscopic histopathology image demonstrating round tumor cells
positive__cellular_nuclear__round_tumor_cells__t4,positive,cellular_nuclear,round tumor cells,round_tumor_cells,4,a digital pathology image containing {concept},a digital pathology image containing round tumor cells
positive__cellular_nuclear__small_blue_cells__t0,positive,cellular_nuclear,small blue cells,small_blue_cells,0,a hematoxylin and eosin histopathology image showing {concept},a hematoxylin and eosin histopathology image showing small blue cells
positive__cellular_nuclear__small_blue_cells__t1,positive,cellular_nuclear,small blue cells,small_blue_cells,1,an H&E stained histology image showing {concept},an H&E stained histology image showing small blue cells
positive__cellular_nuclear__small_blue_cells__t2,positive,cellular_nuclear,small blue cells,small_blue_cells,2,a pathology image of tissue with {concept},a pathology image of tissue with small blue cells
positive__cellular_nuclear__small_blue_cells__t3,positive,cellular_nuclear,small blue cells,small_blue_cells,3,a microscopic histopathology image demonstrating {concept},a microscopic histopathology image demonstrating small blue cells
positive__cellular_nuclear__small_blue_cells__t4,positive,cellular_nuclear,small blue cells,small_blue_cells,4,a digital pathology image containing {concept},a digital pathology image containing small blue cells
positive__cellular_nuclear__inflammatory_cells__t0,positive,cellular_nuclear,inflammatory cells,inflammatory_cells,0,a hematoxylin and eosin histopathology image showing {concept},a hematoxylin and eosin histopathology image showing inflammatory cells
positive__cellular_nuclear__inflammatory_cells__t1,positive,cellular_nuclear,inflammatory cells,inflammatory_cells,1,an H&E stained histology image showing {concept},an H&E stained histology image showing inflammatory cells
positive__cellular_nuclear__inflammatory_cells__t2,positive,cellular_nuclear,inflammatory cells,inflammatory_cells,2,a pathology image of tissue with {concept},a pathology image of tissue with inflammatory cells
positive__cellular_nuclear__inflammatory_cells__t3,positive,cellular_nuclear,inflammatory cells,inflammatory_cells,3,a microscopic histopathology image demonstrating {concept},a microscopic histopathology image demonstrating inflammatory cells
positive__cellular_nuclear__inflammatory_cells__t4,positive,cellular_nuclear,inflammatory cells,inflammatory_cells,4,a digital pathology image containing {concept},a digital pathology image containing inflammatory cells
positive__cellular_nuclear__lymphocytes__t0,positive,cellular_nuclear,lymphocytes,lymphocytes,0,a hematoxylin and eosin histopathology image showing {concept},a hematoxylin and eosin histopathology image showing lymphocytes
positive__cellular_nuclear__lymphocytes__t1,positive,cellular_nuclear,lymphocytes,lymphocytes,1,an H&E stained histology image showing {concept},an H&E stained histology image showing lymphocytes
positive__cellular_nuclear__lymphocytes__t2,positive,cellular_nuclear,lymphocytes,lymphocytes,2,a pathology image of tissue with {concept},a pathology image of tissue with lymphocytes
positive__cellular_nuclear__lymphocytes__t3,positive,cellular_nuclear,lymphocytes,lymphocytes,3,a microscopic histopathology image demonstrating {concept},a microscopic histopathology image demonstrating lymphocytes
positive__cellular_nuclear__lymphocytes__t4,positive,cellular_nuclear,lymphocytes,lymphocytes,4,a digital pathology image containing {concept},a digital pathology image containing lymphocytes
positive__cellular_nuclear__plasma_cells__t0,positive,cellular_nuclear,plasma cells,plasma_cells,0,a hematoxylin and eosin histopathology image showing {concept},a hematoxylin and eosin histopathology image showing plasma cells
positive__cellular_nuclear__plasma_cells__t1,positive,cellular_nuclear,plasma cells,plasma_cells,1,an H&E stained histology image showing {concept},an H&E stained histology image showing plasma cells
positive__cellular_nuclear__plasma_cells__t2,positive,cellular_nuclear,plasma cells,plasma_cells,2,a pathology image of tissue with {concept},a pathology image of tissue with plasma cells
positive__cellular_nuclear__plasma_cells__t3,positive,cellular_nuclear,plasma cells,plasma_cells,3,a microscopic histopathology image demonstrating {concept},a microscopic histopathology image demonstrating plasma cells
positive__cellular_nuclear__plasma_cells__t4,positive,cellular_nuclear,plasma cells,plasma_cells,4,a digital pathology image containing {concept},a digital pathology image containing plasma cells
positive__cellular_nuclear__neutrophils__t0,positive,cellular_nuclear,neutrophils,neutrophils,0,a hematoxylin and eosin histopathology image showing {concept},a hematoxylin and eosin histopathology image showing neutrophils
positive__cellular_nuclear__neutrophils__t1,positive,cellular_nuclear,neutrophils,neutrophils,1,an H&E stained histology image showing {concept},an H&E stained histology image showing neutrophils
positive__cellular_nuclear__neutrophils__t2,positive,cellular_nuclear,neutrophils,neutrophils,2,a pathology image of tissue with {concept},a pathology image of tissue with neutrophils
positive__cellular_nuclear__neutrophils__t3,positive,cellular_nuclear,neutrophils,neutrophils,3,a microscopic histopathology image demonstrating {concept},a microscopic histopathology image demonstrating neutrophils
positive__cellular_nuclear__neutrophils__t4,positive,cellular_nuclear,neutrophils,neutrophils,4,a digital pathology image containing {concept},a digital pathology image containing neutrophils
positive__cellular_nuclear__macrophages__t0,positive,cellular_nuclear,macrophages,macrophages,0,a hematoxylin and eosin histopathology image showing {concept},a hematoxylin and eosin histopathology image showing macrophages
positive__cellular_nuclear__macrophages__t1,positive,cellular_nuclear,macrophages,macrophages,1,an H&E stained histology image showing {concept},an H&E stained histology image showing macrophages
positive__cellular_nuclear__macrophages__t2,positive,cellular_nuclear,macrophages,macrophages,2,a pathology image of tissue with {concept},a pathology image of tissue with macrophages
positive__cellular_nuclear__macrophages__t3,positive,cellular_nuclear,macrophages,macrophages,3,a microscopic histopathology image demonstrating {concept},a microscopic histopathology image demonstrating macrophages
positive__cellular_nuclear__macrophages__t4,positive,cellular_nuclear,macrophages,macrophages,4,a digital pathology image containing {concept},a digital pathology image containing macrophages
positive__cellular_nuclear__multinucleated_giant_cells__t0,positive,cellular_nuclear,multinucleated giant cells,multinucleated_giant_cells,0,a hematoxylin and eosin histopathology image showing {concept},a hematoxylin and eosin histopathology image showing multinucleated giant cells
positive__cellular_nuclear__multinucleated_giant_cells__t1,positive,cellular_nuclear,multinucleated giant cells,multinucleated_giant_cells,1,an H&E stained histology image showing {concept},an H&E stained histology image showing multinucleated giant cells
positive__cellular_nuclear__multinucleated_giant_cells__t2,positive,cellular_nuclear,multinucleated giant cells,multinucleated_giant_cells,2,a pathology image of tissue with {concept},a pathology image of tissue with multinucleated giant cells
positive__cellular_nuclear__multinucleated_giant_cells__t3,positive,cellular_nuclear,multinucleated giant cells,multinucleated_giant_cells,3,a microscopic histopathology image demonstrating {concept},a microscopic histopathology image demonstrating multinucleated giant cells
positive__cellular_nuclear__multinucleated_giant_cells__t4,positive,cellular_nuclear,multinucleated giant cells,multinucleated_giant_cells,4,a digital pathology image containing {concept},a digital pathology image containing multinucleated giant cells
positive__cellular_nuclear__cell_level_morphology__t0,positive,cellular_nuclear,cell-level morphology,cell_level_morphology,0,a hematoxylin and eosin histopathology image showing {concept},a hematoxylin and eosin histopathology image showing cell-level morphology
positive__cellular_nuclear__cell_level_morphology__t1,positive,cellular_nuclear,cell-level morphology,cell_level_morphology,1,an H&E stained histology image showing {concept},an H&E stained histology image showing cell-level morphology
positive__cellular_nuclear__cell_level_morphology__t2,positive,cellular_nuclear,cell-level morphology,cell_level_morphology,2,a pathology image of tissue with {concept},a pathology image of tissue with cell-level morphology
positive__cellular_nuclear__cell_level_morphology__t3,positive,cellular_nuclear,cell-level morphology,cell_level_morphology,3,a microscopic histopathology image demonstrating {concept},a microscopic histopathology image demonstrating cell-level morphology
positive__cellular_nuclear__cell_level_morphology__t4,positive,cellular_nuclear,cell-level morphology,cell_level_morphology,4,a digital pathology image containing {concept},a digital pathology image containing cell-level morphology
positive__cellular_nuclear__nuclear_level_detail__t0,positive,cellular_nuclear,nuclear-level detail,nuclear_level_detail,0,a hematoxylin and eosin histopathology image showing {concept},a hematoxylin and eosin histopathology image showing nuclear-level detail
positive__cellular_nuclear__nuclear_level_detail__t1,positive,cellular_nuclear,nuclear-level detail,nuclear_level_detail,1,an H&E stained histology image showing {concept},an H&E stained histology image showing nuclear-level detail
positive__cellular_nuclear__nuclear_level_detail__t2,positive,cellular_nuclear,nuclear-level detail,nuclear_level_detail,2,a pathology image of tissue with {concept},a pathology image of tissue with nuclear-level detail
positive__cellular_nuclear__nuclear_level_detail__t3,positive,cellular_nuclear,nuclear-level detail,nuclear_level_detail,3,a microscopic histopathology image demonstrating {concept},a microscopic histopathology image demonstrating nuclear-level detail
positive__cellular_nuclear__nuclear_level_detail__t4,positive,cellular_nuclear,nuclear-level detail,nuclear_level_detail,4,a digital pathology image containing {concept},a digital pathology image containing nuclear-level detail
positive__cellular_nuclear__high_magnification_cellular_morphology__t0,positive,cellular_nuclear,high magnification cellular morphology,high_magnification_cellular_morphology,0,a hematoxylin and eosin histopathology image showing {concept},a hematoxylin and eosin histopathology image showing high magnification cellular morphology
positive__cellular_nuclear__high_magnification_cellular_morphology__t1,positive,cellular_nuclear,high magnification cellular morphology,high_magnification_cellular_morphology,1,an H&E stained histology image showing {concept},an H&E stained histology image showing high magnification cellular morphology
positive__cellular_nuclear__high_magnification_cellular_morphology__t2,positive,cellular_nuclear,high magnification cellular morphology,high_magnification_cellular_morphology,2,a pathology image of tissue with {concept},a pathology image of tissue with high magnification cellular morphology
positive__cellular_nuclear__high_magnification_cellular_morphology__t3,positive,cellular_nuclear,high magnification cellular morphology,high_magnification_cellular_morphology,3,a microscopic histopathology image demonstrating {concept},a microscopic histopathology image demonstrating high magnification cellular morphology
positive__cellular_nuclear__high_magnification_cellular_morphology__t4,positive,cellular_nuclear,high magnification cellular morphology,high_magnification_cellular_morphology,4,a digital pathology image containing {concept},a digital pathology image containing high magnification cellular morphology
positive__anatomical_structures__basement_membrane_like_structures__t0,positive,anatomical_structures,basement membrane-like structures,basement_membrane_like_structures,0,a hematoxylin and eosin histopathology image showing {concept},a hematoxylin and eosin histopathology image showing basement membrane-like structures
positive__anatomical_structures__basement_membrane_like_structures__t1,positive,anatomical_structures,basement membrane-like structures,basement_membrane_like_structures,1,an H&E stained histology image showing {concept},an H&E stained histology image showing basement membrane-like structures
positive__anatomical_structures__basement_membrane_like_structures__t2,positive,anatomical_structures,basement membrane-like structures,basement_membrane_like_structures,2,a pathology image of tissue with {concept},a pathology image of tissue with basement membrane-like structures
positive__anatomical_structures__basement_membrane_like_structures__t3,positive,anatomical_structures,basement membrane-like structures,basement_membrane_like_structures,3,a microscopic histopathology image demonstrating {concept},a microscopic histopathology image demonstrating basement membrane-like structures
positive__anatomical_structures__basement_membrane_like_structures__t4,positive,anatomical_structures,basement membrane-like structures,basement_membrane_like_structures,4,a digital pathology image containing {concept},a digital pathology image containing basement membrane-like structures
positive__anatomical_structures__capsule_like_fibrous_tissue__t0,positive,anatomical_structures,capsule-like fibrous tissue,capsule_like_fibrous_tissue,0,a hematoxylin and eosin histopathology image showing {concept},a hematoxylin and eosin histopathology image showing capsule-like fibrous tissue
positive__anatomical_structures__capsule_like_fibrous_tissue__t1,positive,anatomical_structures,capsule-like fibrous tissue,capsule_like_fibrous_tissue,1,an H&E stained histology image showing {concept},an H&E stained histology image showing capsule-like fibrous tissue
positive__anatomical_structures__capsule_like_fibrous_tissue__t2,positive,anatomical_structures,capsule-like fibrous tissue,capsule_like_fibrous_tissue,2,a pathology image of tissue with {concept},a pathology image of tissue with capsule-like fibrous tissue
positive__anatomical_structures__capsule_like_fibrous_tissue__t3,positive,anatomical_structures,capsule-like fibrous tissue,capsule_like_fibrous_tissue,3,a microscopic histopathology image demonstrating {concept},a microscopic histopathology image demonstrating capsule-like fibrous tissue
positive__anatomical_structures__capsule_like_fibrous_tissue__t4,positive,anatomical_structures,capsule-like fibrous tissue,capsule_like_fibrous_tissue,4,a digital pathology image containing {concept},a digital pathology image containing capsule-like fibrous tissue
positive__anatomical_structures__nerve_bundles__t0,positive,anatomical_structures,nerve bundles,nerve_bundles,0,a hematoxylin and eosin histopathology image showing {concept},a hematoxylin and eosin histopathology image showing nerve bundles
positive__anatomical_structures__nerve_bundles__t1,positive,anatomical_structures,nerve bundles,nerve_bundles,1,an H&E stained histology image showing {concept},an H&E stained histology image showing nerve bundles
positive__anatomical_structures__nerve_bundles__t2,positive,anatomical_structures,nerve bundles,nerve_bundles,2,a pathology image of tissue with {concept},a pathology image of tissue with nerve bundles
positive__anatomical_structures__nerve_bundles__t3,positive,anatomical_structures,nerve bundles,nerve_bundles,3,a microscopic histopathology image demonstrating {concept},a microscopic histopathology image demonstrating nerve bundles
positive__anatomical_structures__nerve_bundles__t4,positive,anatomical_structures,nerve bundles,nerve_bundles,4,a digital pathology image containing {concept},a digital pathology image containing nerve bundles
positive__anatomical_structures__perineural_tissue__t0,positive,anatomical_structures,perineural tissue,perineural_tissue,0,a hematoxylin and eosin histopathology image showing {concept},a hematoxylin and eosin histopathology image showing perineural tissue
positive__anatomical_structures__perineural_tissue__t1,positive,anatomical_structures,perineural tissue,perineural_tissue,1,an H&E stained histology image showing {concept},an H&E stained histology image showing perineural tissue
positive__anatomical_structures__perineural_tissue__t2,positive,anatomical_structures,perineural tissue,perineural_tissue,2,a pathology image of tissue with {concept},a pathology image of tissue with perineural tissue
positive__anatomical_structures__perineural_tissue__t3,positive,anatomical_structures,perineural tissue,perineural_tissue,3,a microscopic histopathology image demonstrating {concept},a microscopic histopathology image demonstrating perineural tissue
positive__anatomical_structures__perineural_tissue__t4,positive,anatomical_structures,perineural tissue,perineural_tissue,4,a digital pathology image containing {concept},a digital pathology image containing perineural tissue
positive__anatomical_structures__vascular_invasion_like_morphology__t0,positive,anatomical_structures,vascular invasion-like morphology,vascular_invasion_like_morphology,0,a hematoxylin and eosin histopathology image showing {concept},a hematoxylin and eosin histopathology image showing vascular invasion-like morphology
positive__anatomical_structures__vascular_invasion_like_morphology__t1,positive,anatomical_structures,vascular invasion-like morphology,vascular_invasion_like_morphology,1,an H&E stained histology image showing {concept},an H&E stained histology image showing vascular invasion-like morphology
positive__anatomical_structures__vascular_invasion_like_morphology__t2,positive,anatomical_structures,vascular invasion-like morphology,vascular_invasion_like_morphology,2,a pathology image of tissue with {concept},a pathology image of tissue with vascular invasion-like morphology
positive__anatomical_structures__vascular_invasion_like_morphology__t3,positive,anatomical_structures,vascular invasion-like morphology,vascular_invasion_like_morphology,3,a microscopic histopathology image demonstrating {concept},a microscopic histopathology image demonstrating vascular invasion-like morphology
positive__anatomical_structures__vascular_invasion_like_morphology__t4,positive,anatomical_structures,vascular invasion-like morphology,vascular_invasion_like_morphology,4,a digital pathology image containing {concept},a digital pathology image containing vascular invasion-like morphology
positive__anatomical_structures__lymphovascular_spaces__t0,positive,anatomical_structures,lymphovascular spaces,lymphovascular_spaces,0,a hematoxylin and eosin histopathology image showing {concept},a hematoxylin and eosin histopathology image showing lymphovascular spaces
positive__anatomical_structures__lymphovascular_spaces__t1,positive,anatomical_structures,lymphovascular spaces,lymphovascular_spaces,1,an H&E stained histology image showing {concept},an H&E stained histology image showing lymphovascular spaces
positive__anatomical_structures__lymphovascular_spaces__t2,positive,anatomical_structures,lymphovascular spaces,lymphovascular_spaces,2,a pathology image of tissue with {concept},a pathology image of tissue with lymphovascular spaces
positive__anatomical_structures__lymphovascular_spaces__t3,positive,anatomical_structures,lymphovascular spaces,lymphovascular_spaces,3,a microscopic histopathology image demonstrating {concept},a microscopic histopathology image demonstrating lymphovascular spaces
positive__anatomical_structures__lymphovascular_spaces__t4,positive,anatomical_structures,lymphovascular spaces,lymphovascular_spaces,4,a digital pathology image containing {concept},a digital pathology image containing lymphovascular spaces
positive__anatomical_structures__fatty_tissue_invasion__t0,positive,anatomical_structures,fatty tissue invasion,fatty_tissue_invasion,0,a hematoxylin and eosin histopathology image showing {concept},a hematoxylin and eosin histopathology image showing fatty tissue invasion
positive__anatomical_structures__fatty_tissue_invasion__t1,positive,anatomical_structures,fatty tissue invasion,fatty_tissue_invasion,1,an H&E stained histology image showing {concept},an H&E stained histology image showing fatty tissue invasion
positive__anatomical_structures__fatty_tissue_invasion__t2,positive,anatomical_structures,fatty tissue invasion,fatty_tissue_invasion,2,a pathology image of tissue with {concept},a pathology image of tissue with fatty tissue invasion
positive__anatomical_structures__fatty_tissue_invasion__t3,positive,anatomical_structures,fatty tissue invasion,fatty_tissue_invasion,3,a microscopic histopathology image demonstrating {concept},a microscopic histopathology image demonstrating fatty tissue invasion
positive__anatomical_structures__fatty_tissue_invasion__t4,positive,anatomical_structures,fatty tissue invasion,fatty_tissue_invasion,4,a digital pathology image containing {concept},a digital pathology image containing fatty tissue invasion
positive__anatomical_structures__smooth_muscle_bundles__t0,positive,anatomical_structures,smooth muscle bundles,smooth_muscle_bundles,0,a hematoxylin and eosin histopathology image showing {concept},a hematoxylin and eosin histopathology image showing smooth muscle bundles
positive__anatomical_structures__smooth_muscle_bundles__t1,positive,anatomical_structures,smooth muscle bundles,smooth_muscle_bundles,1,an H&E stained histology image showing {concept},an H&E stained histology image showing smooth muscle bundles
positive__anatomical_structures__smooth_muscle_bundles__t2,positive,anatomical_structures,smooth muscle bundles,smooth_muscle_bundles,2,a pathology image of tissue with {concept},a pathology image of tissue with smooth muscle bundles
positive__anatomical_structures__smooth_muscle_bundles__t3,positive,anatomical_structures,smooth muscle bundles,smooth_muscle_bundles,3,a microscopic histopathology image demonstrating {concept},a microscopic histopathology image demonstrating smooth muscle bundles
positive__anatomical_structures__smooth_muscle_bundles__t4,positive,anatomical_structures,smooth muscle bundles,smooth_muscle_bundles,4,a digital pathology image containing {concept},a digital pathology image containing smooth muscle bundles
positive__anatomical_structures__skeletal_muscle_tissue__t0,positive,anatomical_structures,skeletal muscle tissue,skeletal_muscle_tissue,0,a hematoxylin and eosin histopathology image showing {concept},a hematoxylin and eosin histopathology image showing skeletal muscle tissue
positive__anatomical_structures__skeletal_muscle_tissue__t1,positive,anatomical_structures,skeletal muscle tissue,skeletal_muscle_tissue,1,an H&E stained histology image showing {concept},an H&E stained histology image showing skeletal muscle tissue
positive__anatomical_structures__skeletal_muscle_tissue__t2,positive,anatomical_structures,skeletal muscle tissue,skeletal_muscle_tissue,2,a pathology image of tissue with {concept},a pathology image of tissue with skeletal muscle tissue
positive__anatomical_structures__skeletal_muscle_tissue__t3,positive,anatomical_structures,skeletal muscle tissue,skeletal_muscle_tissue,3,a microscopic histopathology image demonstrating {concept},a microscopic histopathology image demonstrating skeletal muscle tissue
positive__anatomical_structures__skeletal_muscle_tissue__t4,positive,anatomical_structures,skeletal muscle tissue,skeletal_muscle_tissue,4,a digital pathology image containing {concept},a digital pathology image containing skeletal muscle tissue
positive__anatomical_structures__cartilage_like_tissue__t0,positive,anatomical_structures,cartilage-like tissue,cartilage_like_tissue,0,a hematoxylin and eosin histopathology image showing {concept},a hematoxylin and eosin histopathology image showing cartilage-like tissue
positive__anatomical_structures__cartilage_like_tissue__t1,positive,anatomical_structures,cartilage-like tissue,cartilage_like_tissue,1,an H&E stained histology image showing {concept},an H&E stained histology image showing cartilage-like tissue
positive__anatomical_structures__cartilage_like_tissue__t2,positive,anatomical_structures,cartilage-like tissue,cartilage_like_tissue,2,a pathology image of tissue with {concept},a pathology image of tissue with cartilage-like tissue
positive__anatomical_structures__cartilage_like_tissue__t3,positive,anatomical_structures,cartilage-like tissue,cartilage_like_tissue,3,a microscopic histopathology image demonstrating {concept},a microscopic histopathology image demonstrating cartilage-like tissue
positive__anatomical_structures__cartilage_like_tissue__t4,positive,anatomical_structures,cartilage-like tissue,cartilage_like_tissue,4,a digital pathology image containing {concept},a digital pathology image containing cartilage-like tissue
positive__anatomical_structures__bone_like_tissue__t0,positive,anatomical_structures,bone-like tissue,bone_like_tissue,0,a hematoxylin and eosin histopathology image showing {concept},a hematoxylin and eosin histopathology image showing bone-like tissue
positive__anatomical_structures__bone_like_tissue__t1,positive,anatomical_structures,bone-like tissue,bone_like_tissue,1,an H&E stained histology image showing {concept},an H&E stained histology image showing bone-like tissue
positive__anatomical_structures__bone_like_tissue__t2,positive,anatomical_structures,bone-like tissue,bone_like_tissue,2,a pathology image of tissue with {concept},a pathology image of tissue with bone-like tissue
positive__anatomical_structures__bone_like_tissue__t3,positive,anatomical_structures,bone-like tissue,bone_like_tissue,3,a microscopic histopathology image demonstrating {concept},a microscopic histopathology image demonstrating bone-like tissue
positive__anatomical_structures__bone_like_tissue__t4,positive,anatomical_structures,bone-like tissue,bone_like_tissue,4,a digital pathology image containing {concept},a digital pathology image containing bone-like tissue
positive__anatomical_structures__skin_adnexal_structures__t0,positive,anatomical_structures,skin adnexal structures,skin_adnexal_structures,0,a hematoxylin and eosin histopathology image showing {concept},a hematoxylin and eosin histopathology image showing skin adnexal structures
positive__anatomical_structures__skin_adnexal_structures__t1,positive,anatomical_structures,skin adnexal structures,skin_adnexal_structures,1,an H&E stained histology image showing {concept},an H&E stained histology image showing skin adnexal structures
positive__anatomical_structures__skin_adnexal_structures__t2,positive,anatomical_structures,skin adnexal structures,skin_adnexal_structures,2,a pathology image of tissue with {concept},a pathology image of tissue with skin adnexal structures
positive__anatomical_structures__skin_adnexal_structures__t3,positive,anatomical_structures,skin adnexal structures,skin_adnexal_structures,3,a microscopic histopathology image demonstrating {concept},a microscopic histopathology image demonstrating skin adnexal structures
positive__anatomical_structures__skin_adnexal_structures__t4,positive,anatomical_structures,skin adnexal structures,skin_adnexal_structures,4,a digital pathology image containing {concept},a digital pathology image containing skin adnexal structures
positive__anatomical_structures__surface_epithelium__t0,positive,anatomical_structures,surface epithelium,surface_epithelium,0,a hematoxylin and eosin histopathology image showing {concept},a hematoxylin and eosin histopathology image showing surface epithelium
positive__anatomical_structures__surface_epithelium__t1,positive,anatomical_structures,surface epithelium,surface_epithelium,1,an H&E stained histology image showing {concept},an H&E stained histology image showing surface epithelium
positive__anatomical_structures__surface_epithelium__t2,positive,anatomical_structures,surface epithelium,surface_epithelium,2,a pathology image of tissue with {concept},a pathology image of tissue with surface epithelium
positive__anatomical_structures__surface_epithelium__t3,positive,anatomical_structures,surface epithelium,surface_epithelium,3,a microscopic histopathology image demonstrating {concept},a microscopic histopathology image demonstrating surface epithelium
positive__anatomical_structures__surface_epithelium__t4,positive,anatomical_structures,surface epithelium,surface_epithelium,4,a digital pathology image containing {concept},a digital pathology image containing surface epithelium
positive__anatomical_structures__ulcerated_surface_tissue__t0,positive,anatomical_structures,ulcerated surface tissue,ulcerated_surface_tissue,0,a hematoxylin and eosin histopathology image showing {concept},a hematoxylin and eosin histopathology image showing ulcerated surface tissue
positive__anatomical_structures__ulcerated_surface_tissue__t1,positive,anatomical_structures,ulcerated surface tissue,ulcerated_surface_tissue,1,an H&E stained histology image showing {concept},an H&E stained histology image showing ulcerated surface tissue
positive__anatomical_structures__ulcerated_surface_tissue__t2,positive,anatomical_structures,ulcerated surface tissue,ulcerated_surface_tissue,2,a pathology image of tissue with {concept},a pathology image of tissue with ulcerated surface tissue
positive__anatomical_structures__ulcerated_surface_tissue__t3,positive,anatomical_structures,ulcerated surface tissue,ulcerated_surface_tissue,3,a microscopic histopathology image demonstrating {concept},a microscopic histopathology image demonstrating ulcerated surface tissue
positive__anatomical_structures__ulcerated_surface_tissue__t4,positive,anatomical_structures,ulcerated surface tissue,ulcerated_surface_tissue,4,a digital pathology image containing {concept},a digital pathology image containing ulcerated surface tissue
positive__anatomical_structures__cystic_spaces__t0,positive,anatomical_structures,cystic spaces,cystic_spaces,0,a hematoxylin and eosin histopathology image showing {concept},a hematoxylin and eosin histopathology image showing cystic spaces
positive__anatomical_structures__cystic_spaces__t1,positive,anatomical_structures,cystic spaces,cystic_spaces,1,an H&E stained histology image showing {concept},an H&E stained histology image showing cystic spaces
positive__anatomical_structures__cystic_spaces__t2,positive,anatomical_structures,cystic spaces,cystic_spaces,2,a pathology image of tissue with {concept},a pathology image of tissue with cystic spaces
positive__anatomical_structures__cystic_spaces__t3,positive,anatomical_structures,cystic spaces,cystic_spaces,3,a microscopic histopathology image demonstrating {concept},a microscopic histopathology image demonstrating cystic spaces
positive__anatomical_structures__cystic_spaces__t4,positive,anatomical_structures,cystic spaces,cystic_spaces,4,a digital pathology image containing {concept},a digital pathology image containing cystic spaces
positive__anatomical_structures__microcystic_spaces__t0,positive,anatomical_structures,microcystic spaces,microcystic_spaces,0,a hematoxylin and eosin histopathology image showing {concept},a hematoxylin and eosin histopathology image showing microcystic spaces
positive__anatomical_structures__microcystic_spaces__t1,positive,anatomical_structures,microcystic spaces,microcystic_spaces,1,an H&E stained histology image showing {concept},an H&E stained histology image showing microcystic spaces
positive__anatomical_structures__microcystic_spaces__t2,positive,anatomical_structures,microcystic spaces,microcystic_spaces,2,a pathology image of tissue with {concept},a pathology image of tissue with microcystic spaces
positive__anatomical_structures__microcystic_spaces__t3,positive,anatomical_structures,microcystic spaces,microcystic_spaces,3,a microscopic histopathology image demonstrating {concept},a microscopic histopathology image demonstrating microcystic spaces
positive__anatomical_structures__microcystic_spaces__t4,positive,anatomical_structures,microcystic spaces,microcystic_spaces,4,a digital pathology image containing {concept},a digital pathology image containing microcystic spaces
positive__scale_context__low_magnification_tissue_architecture__t0,positive,scale_context,low magnification tissue architecture,low_magnification_tissue_architecture,0,a hematoxylin and eosin histopathology image showing {concept},a hematoxylin and eosin histopathology image showing low magnification tissue architecture
positive__scale_context__low_magnification_tissue_architecture__t1,positive,scale_context,low magnification tissue architecture,low_magnification_tissue_architecture,1,an H&E stained histology image showing {concept},an H&E stained histology image showing low magnification tissue architecture
positive__scale_context__low_magnification_tissue_architecture__t2,positive,scale_context,low magnification tissue architecture,low_magnification_tissue_architecture,2,a pathology image of tissue with {concept},a pathology image of tissue with low magnification tissue architecture
positive__scale_context__low_magnification_tissue_architecture__t3,positive,scale_context,low magnification tissue architecture,low_magnification_tissue_architecture,3,a microscopic histopathology image demonstrating {concept},a microscopic histopathology image demonstrating low magnification tissue architecture
positive__scale_context__low_magnification_tissue_architecture__t4,positive,scale_context,low magnification tissue architecture,low_magnification_tissue_architecture,4,a digital pathology image containing {concept},a digital pathology image containing low magnification tissue architecture
positive__scale_context__medium_magnification_tissue_architecture__t0,positive,scale_context,medium magnification tissue architecture,medium_magnification_tissue_architecture,0,a hematoxylin and eosin histopathology image showing {concept},a hematoxylin and eosin histopathology image showing medium magnification tissue architecture
positive__scale_context__medium_magnification_tissue_architecture__t1,positive,scale_context,medium magnification tissue architecture,medium_magnification_tissue_architecture,1,an H&E stained histology image showing {concept},an H&E stained histology image showing medium magnification tissue architecture
positive__scale_context__medium_magnification_tissue_architecture__t2,positive,scale_context,medium magnification tissue architecture,medium_magnification_tissue_architecture,2,a pathology image of tissue with {concept},a pathology image of tissue with medium magnification tissue architecture
positive__scale_context__medium_magnification_tissue_architecture__t3,positive,scale_context,medium magnification tissue architecture,medium_magnification_tissue_architecture,3,a microscopic histopathology image demonstrating {concept},a microscopic histopathology image demonstrating medium magnification tissue architecture
positive__scale_context__medium_magnification_tissue_architecture__t4,positive,scale_context,medium magnification tissue architecture,medium_magnification_tissue_architecture,4,a digital pathology image containing {concept},a digital pathology image containing medium magnification tissue architecture
positive__scale_context__high_magnification_cellular_morphology__t0,positive,scale_context,high magnification cellular morphology,high_magnification_cellular_morphology,0,a hematoxylin and eosin histopathology image showing {concept},a hematoxylin and eosin histopathology image showing high magnification cellular morphology
positive__scale_context__high_magnification_cellular_morphology__t1,positive,scale_context,high magnification cellular morphology,high_magnification_cellular_morphology,1,an H&E stained histology image showing {concept},an H&E stained histology image showing high magnification cellular morphology
positive__scale_context__high_magnification_cellular_morphology__t2,positive,scale_context,high magnification cellular morphology,high_magnification_cellular_morphology,2,a pathology image of tissue with {concept},a pathology image of tissue with high magnification cellular morphology
positive__scale_context__high_magnification_cellular_morphology__t3,positive,scale_context,high magnification cellular morphology,high_magnification_cellular_morphology,3,a microscopic histopathology image demonstrating {concept},a microscopic histopathology image demonstrating high magnification cellular morphology
positive__scale_context__high_magnification_cellular_morphology__t4,positive,scale_context,high magnification cellular morphology,high_magnification_cellular_morphology,4,a digital pathology image containing {concept},a digital pathology image containing high magnification cellular morphology
positive__scale_context__large_field_of_view_tissue_structure__t0,positive,scale_context,large field of view tissue structure,large_field_of_view_tissue_structure,0,a hematoxylin and eosin histopathology image showing {concept},a hematoxylin and eosin histopathology image showing large field of view tissue structure
positive__scale_context__large_field_of_view_tissue_structure__t1,positive,scale_context,large field of view tissue structure,large_field_of_view_tissue_structure,1,an H&E stained histology image showing {concept},an H&E stained histology image showing large field of view tissue structure
positive__scale_context__large_field_of_view_tissue_structure__t2,positive,scale_context,large field of view tissue structure,large_field_of_view_tissue_structure,2,a pathology image of tissue with {concept},a pathology image of tissue with large field of view tissue structure
positive__scale_context__large_field_of_view_tissue_structure__t3,positive,scale_context,large field of view tissue structure,large_field_of_view_tissue_structure,3,a microscopic histopathology image demonstrating {concept},a microscopic histopathology image demonstrating large field of view tissue structure
positive__scale_context__large_field_of_view_tissue_structure__t4,positive,scale_context,large field of view tissue structure,large_field_of_view_tissue_structure,4,a digital pathology image containing {concept},a digital pathology image containing large field of view tissue structure
positive__scale_context__small_field_of_view_cellular_detail__t0,positive,scale_context,small field of view cellular detail,small_field_of_view_cellular_detail,0,a hematoxylin and eosin histopathology image showing {concept},a hematoxylin and eosin histopathology image showing small field of view cellular detail
positive__scale_context__small_field_of_view_cellular_detail__t1,positive,scale_context,small field of view cellular detail,small_field_of_view_cellular_detail,1,an H&E stained histology image showing {concept},an H&E stained histology image showing small field of view cellular detail
positive__scale_context__small_field_of_view_cellular_detail__t2,positive,scale_context,small field of view cellular detail,small_field_of_view_cellular_detail,2,a pathology image of tissue with {concept},a pathology image of tissue with small field of view cellular detail
positive__scale_context__small_field_of_view_cellular_detail__t3,positive,scale_context,small field of view cellular detail,small_field_of_view_cellular_detail,3,a microscopic histopathology image demonstrating {concept},a microscopic histopathology image demonstrating small field of view cellular detail
positive__scale_context__small_field_of_view_cellular_detail__t4,positive,scale_context,small field of view cellular detail,small_field_of_view_cellular_detail,4,a digital pathology image containing {concept},a digital pathology image containing small field of view cellular detail
positive__scale_context__tissue_level_organization__t0,positive,scale_context,tissue-level organization,tissue_level_organization,0,a hematoxylin and eosin histopathology image showing {concept},a hematoxylin and eosin histopathology image showing tissue-level organization
positive__scale_context__tissue_level_organization__t1,positive,scale_context,tissue-level organization,tissue_level_organization,1,an H&E stained histology image showing {concept},an H&E stained histology image showing tissue-level organization
positive__scale_context__tissue_level_organization__t2,positive,scale_context,tissue-level organization,tissue_level_organization,2,a pathology image of tissue with {concept},a pathology image of tissue with tissue-level organization
positive__scale_context__tissue_level_organization__t3,positive,scale_context,tissue-level organization,tissue_level_organization,3,a microscopic histopathology image demonstrating {concept},a microscopic histopathology image demonstrating tissue-level organization
positive__scale_context__tissue_level_organization__t4,positive,scale_context,tissue-level organization,tissue_level_organization,4,a digital pathology image containing {concept},a digital pathology image containing tissue-level organization
positive__scale_context__cell_level_morphology__t0,positive,scale_context,cell-level morphology,cell_level_morphology,0,a hematoxylin and eosin histopathology image showing {concept},a hematoxylin and eosin histopathology image showing cell-level morphology
positive__scale_context__cell_level_morphology__t1,positive,scale_context,cell-level morphology,cell_level_morphology,1,an H&E stained histology image showing {concept},an H&E stained histology image showing cell-level morphology
positive__scale_context__cell_level_morphology__t2,positive,scale_context,cell-level morphology,cell_level_morphology,2,a pathology image of tissue with {concept},a pathology image of tissue with cell-level morphology
positive__scale_context__cell_level_morphology__t3,positive,scale_context,cell-level morphology,cell_level_morphology,3,a microscopic histopathology image demonstrating {concept},a microscopic histopathology image demonstrating cell-level morphology
positive__scale_context__cell_level_morphology__t4,positive,scale_context,cell-level morphology,cell_level_morphology,4,a digital pathology image containing {concept},a digital pathology image containing cell-level morphology
positive__scale_context__gland_level_architecture__t0,positive,scale_context,gland-level architecture,gland_level_architecture,0,a hematoxylin and eosin histopathology image showing {concept},a hematoxylin and eosin histopathology image showing gland-level architecture
positive__scale_context__gland_level_architecture__t1,positive,scale_context,gland-level architecture,gland_level_architecture,1,an H&E stained histology image showing {concept},an H&E stained histology image showing gland-level architecture
positive__scale_context__gland_level_architecture__t2,positive,scale_context,gland-level architecture,gland_level_architecture,2,a pathology image of tissue with {concept},a pathology image of tissue with gland-level architecture
positive__scale_context__gland_level_architecture__t3,positive,scale_context,gland-level architecture,gland_level_architecture,3,a microscopic histopathology image demonstrating {concept},a microscopic histopathology image demonstrating gland-level architecture
positive__scale_context__gland_level_architecture__t4,positive,scale_context,gland-level architecture,gland_level_architecture,4,a digital pathology image containing {concept},a digital pathology image containing gland-level architecture
positive__scale_context__nuclear_level_detail__t0,positive,scale_context,nuclear-level detail,nuclear_level_detail,0,a hematoxylin and eosin histopathology image showing {concept},a hematoxylin and eosin histopathology image showing nuclear-level detail
positive__scale_context__nuclear_level_detail__t1,positive,scale_context,nuclear-level detail,nuclear_level_detail,1,an H&E stained histology image showing {concept},an H&E stained histology image showing nuclear-level detail
positive__scale_context__nuclear_level_detail__t2,positive,scale_context,nuclear-level detail,nuclear_level_detail,2,a pathology image of tissue with {concept},a pathology image of tissue with nuclear-level detail
positive__scale_context__nuclear_level_detail__t3,positive,scale_context,nuclear-level detail,nuclear_level_detail,3,a microscopic histopathology image demonstrating {concept},a microscopic histopathology image demonstrating nuclear-level detail
positive__scale_context__nuclear_level_detail__t4,positive,scale_context,nuclear-level detail,nuclear_level_detail,4,a digital pathology image containing {concept},a digital pathology image containing nuclear-level detail
positive__scale_context__regional_tumor_architecture__t0,positive,scale_context,regional tumor architecture,regional_tumor_architecture,0,a hematoxylin and eosin histopathology image showing {concept},a hematoxylin and eosin histopathology image showing regional tumor architecture
positive__scale_context__regional_tumor_architecture__t1,positive,scale_context,regional tumor architecture,regional_tumor_architecture,1,an H&E stained histology image showing {concept},an H&E stained histology image showing regional tumor architecture
positive__scale_context__regional_tumor_architecture__t2,positive,scale_context,regional tumor architecture,regional_tumor_architecture,2,a pathology image of tissue with {concept},a pathology image of tissue with regional tumor architecture
positive__scale_context__regional_tumor_architecture__t3,positive,scale_context,regional tumor architecture,regional_tumor_architecture,3,a microscopic histopathology image demonstrating {concept},a microscopic histopathology image demonstrating regional tumor architecture
positive__scale_context__regional_tumor_architecture__t4,positive,scale_context,regional tumor architecture,regional_tumor_architecture,4,a digital pathology image containing {concept},a digital pathology image containing regional tumor architecture
positive__scale_context__local_cellular_texture__t0,positive,scale_context,local cellular texture,local_cellular_texture,0,a hematoxylin and eosin histopathology image showing {concept},a hematoxylin and eosin histopathology image showing local cellular texture
positive__scale_context__local_cellular_texture__t1,positive,scale_context,local cellular texture,local_cellular_texture,1,an H&E stained histology image showing {concept},an H&E stained histology image showing local cellular texture
positive__scale_context__local_cellular_texture__t2,positive,scale_context,local cellular texture,local_cellular_texture,2,a pathology image of tissue with {concept},a pathology image of tissue with local cellular texture
positive__scale_context__local_cellular_texture__t3,positive,scale_context,local cellular texture,local_cellular_texture,3,a microscopic histopathology image demonstrating {concept},a microscopic histopathology image demonstrating local cellular texture
positive__scale_context__local_cellular_texture__t4,positive,scale_context,local cellular texture,local_cellular_texture,4,a digital pathology image containing {concept},a digital pathology image containing local cellular texture
negative__artifact_quality__empty_background__t0,negative,artifact_quality,empty background,empty_background,0,a hematoxylin and eosin histopathology image showing {concept},a hematoxylin and eosin histopathology image showing empty background
negative__artifact_quality__empty_background__t1,negative,artifact_quality,empty background,empty_background,1,an H&E stained histology image showing {concept},an H&E stained histology image showing empty background
negative__artifact_quality__empty_background__t2,negative,artifact_quality,empty background,empty_background,2,a pathology image of tissue with {concept},a pathology image of tissue with empty background
negative__artifact_quality__empty_background__t3,negative,artifact_quality,empty background,empty_background,3,a microscopic histopathology image demonstrating {concept},a microscopic histopathology image demonstrating empty background
negative__artifact_quality__empty_background__t4,negative,artifact_quality,empty background,empty_background,4,a digital pathology image containing {concept},a digital pathology image containing empty background
negative__artifact_quality__white_background__t0,negative,artifact_quality,white background,white_background,0,a hematoxylin and eosin histopathology image showing {concept},a hematoxylin and eosin histopathology image showing white background
negative__artifact_quality__white_background__t1,negative,artifact_quality,white background,white_background,1,an H&E stained histology image showing {concept},an H&E stained histology image showing white background
negative__artifact_quality__white_background__t2,negative,artifact_quality,white background,white_background,2,a pathology image of tissue with {concept},a pathology image of tissue with white background
negative__artifact_quality__white_background__t3,negative,artifact_quality,white background,white_background,3,a microscopic histopathology image demonstrating {concept},a microscopic histopathology image demonstrating white background
negative__artifact_quality__white_background__t4,negative,artifact_quality,white background,white_background,4,a digital pathology image containing {concept},a digital pathology image containing white background
negative__artifact_quality__blank_glass_slide_background__t0,negative,artifact_quality,blank glass slide background,blank_glass_slide_background,0,a hematoxylin and eosin histopathology image showing {concept},a hematoxylin and eosin histopathology image showing blank glass slide background
negative__artifact_quality__blank_glass_slide_background__t1,negative,artifact_quality,blank glass slide background,blank_glass_slide_background,1,an H&E stained histology image showing {concept},an H&E stained histology image showing blank glass slide background
negative__artifact_quality__blank_glass_slide_background__t2,negative,artifact_quality,blank glass slide background,blank_glass_slide_background,2,a pathology image of tissue with {concept},a pathology image of tissue with blank glass slide background
negative__artifact_quality__blank_glass_slide_background__t3,negative,artifact_quality,blank glass slide background,blank_glass_slide_background,3,a microscopic histopathology image demonstrating {concept},a microscopic histopathology image demonstrating blank glass slide background
negative__artifact_quality__blank_glass_slide_background__t4,negative,artifact_quality,blank glass slide background,blank_glass_slide_background,4,a digital pathology image containing {concept},a digital pathology image containing blank glass slide background
negative__artifact_quality__out_of_focus_tissue__t0,negative,artifact_quality,out-of-focus tissue,out_of_focus_tissue,0,a hematoxylin and eosin histopathology image showing {concept},a hematoxylin and eosin histopathology image showing out-of-focus tissue
negative__artifact_quality__out_of_focus_tissue__t1,negative,artifact_quality,out-of-focus tissue,out_of_focus_tissue,1,an H&E stained histology image showing {concept},an H&E stained histology image showing out-of-focus tissue
negative__artifact_quality__out_of_focus_tissue__t2,negative,artifact_quality,out-of-focus tissue,out_of_focus_tissue,2,a pathology image of tissue with {concept},a pathology image of tissue with out-of-focus tissue
negative__artifact_quality__out_of_focus_tissue__t3,negative,artifact_quality,out-of-focus tissue,out_of_focus_tissue,3,a microscopic histopathology image demonstrating {concept},a microscopic histopathology image demonstrating out-of-focus tissue
negative__artifact_quality__out_of_focus_tissue__t4,negative,artifact_quality,out-of-focus tissue,out_of_focus_tissue,4,a digital pathology image containing {concept},a digital pathology image containing out-of-focus tissue
negative__artifact_quality__blurry_histopathology_image__t0,negative,artifact_quality,blurry histopathology image,blurry_histopathology_image,0,a hematoxylin and eosin histopathology image showing {concept},a hematoxylin and eosin histopathology image showing blurry histopathology image
negative__artifact_quality__blurry_histopathology_image__t1,negative,artifact_quality,blurry histopathology image,blurry_histopathology_image,1,an H&E stained histology image showing {concept},an H&E stained histology image showing blurry histopathology image
negative__artifact_quality__blurry_histopathology_image__t2,negative,artifact_quality,blurry histopathology image,blurry_histopathology_image,2,a pathology image of tissue with {concept},a pathology image of tissue with blurry histopathology image
negative__artifact_quality__blurry_histopathology_image__t3,negative,artifact_quality,blurry histopathology image,blurry_histopathology_image,3,a microscopic histopathology image demonstrating {concept},a microscopic histopathology image demonstrating blurry histopathology image
negative__artifact_quality__blurry_histopathology_image__t4,negative,artifact_quality,blurry histopathology image,blurry_histopathology_image,4,a digital pathology image containing {concept},a digital pathology image containing blurry histopathology image
negative__artifact_quality__low_resolution_tissue_image__t0,negative,artifact_quality,low resolution tissue image,low_resolution_tissue_image,0,a hematoxylin and eosin histopathology image showing {concept},a hematoxylin and eosin histopathology image showing low resolution tissue image
negative__artifact_quality__low_resolution_tissue_image__t1,negative,artifact_quality,low resolution tissue image,low_resolution_tissue_image,1,an H&E stained histology image showing {concept},an H&E stained histology image showing low resolution tissue image
negative__artifact_quality__low_resolution_tissue_image__t2,negative,artifact_quality,low resolution tissue image,low_resolution_tissue_image,2,a pathology image of tissue with {concept},a pathology image of tissue with low resolution tissue image
negative__artifact_quality__low_resolution_tissue_image__t3,negative,artifact_quality,low resolution tissue image,low_resolution_tissue_image,3,a microscopic histopathology image demonstrating {concept},a microscopic histopathology image demonstrating low resolution tissue image
negative__artifact_quality__low_resolution_tissue_image__t4,negative,artifact_quality,low resolution tissue image,low_resolution_tissue_image,4,a digital pathology image containing {concept},a digital pathology image containing low resolution tissue image
negative__artifact_quality__poor_quality_tissue__t0,negative,artifact_quality,poor quality tissue,poor_quality_tissue,0,a hematoxylin and eosin histopathology image showing {concept},a hematoxylin and eosin histopathology image showing poor quality tissue
negative__artifact_quality__poor_quality_tissue__t1,negative,artifact_quality,poor quality tissue,poor_quality_tissue,1,an H&E stained histology image showing {concept},an H&E stained histology image showing poor quality tissue
negative__artifact_quality__poor_quality_tissue__t2,negative,artifact_quality,poor quality tissue,poor_quality_tissue,2,a pathology image of tissue with {concept},a pathology image of tissue with poor quality tissue
negative__artifact_quality__poor_quality_tissue__t3,negative,artifact_quality,poor quality tissue,poor_quality_tissue,3,a microscopic histopathology image demonstrating {concept},a microscopic histopathology image demonstrating poor quality tissue
negative__artifact_quality__poor_quality_tissue__t4,negative,artifact_quality,poor quality tissue,poor_quality_tissue,4,a digital pathology image containing {concept},a digital pathology image containing poor quality tissue
negative__artifact_quality__tissue_fold_artifact__t0,negative,artifact_quality,tissue fold artifact,tissue_fold_artifact,0,a hematoxylin and eosin histopathology image showing {concept},a hematoxylin and eosin histopathology image showing tissue fold artifact
negative__artifact_quality__tissue_fold_artifact__t1,negative,artifact_quality,tissue fold artifact,tissue_fold_artifact,1,an H&E stained histology image showing {concept},an H&E stained histology image showing tissue fold artifact
negative__artifact_quality__tissue_fold_artifact__t2,negative,artifact_quality,tissue fold artifact,tissue_fold_artifact,2,a pathology image of tissue with {concept},a pathology image of tissue with tissue fold artifact
negative__artifact_quality__tissue_fold_artifact__t3,negative,artifact_quality,tissue fold artifact,tissue_fold_artifact,3,a microscopic histopathology image demonstrating {concept},a microscopic histopathology image demonstrating tissue fold artifact
negative__artifact_quality__tissue_fold_artifact__t4,negative,artifact_quality,tissue fold artifact,tissue_fold_artifact,4,a digital pathology image containing {concept},a digital pathology image containing tissue fold artifact
negative__artifact_quality__torn_tissue_artifact__t0,negative,artifact_quality,torn tissue artifact,torn_tissue_artifact,0,a hematoxylin and eosin histopathology image showing {concept},a hematoxylin and eosin histopathology image showing torn tissue artifact
negative__artifact_quality__torn_tissue_artifact__t1,negative,artifact_quality,torn tissue artifact,torn_tissue_artifact,1,an H&E stained histology image showing {concept},an H&E stained histology image showing torn tissue artifact
negative__artifact_quality__torn_tissue_artifact__t2,negative,artifact_quality,torn tissue artifact,torn_tissue_artifact,2,a pathology image of tissue with {concept},a pathology image of tissue with torn tissue artifact
negative__artifact_quality__torn_tissue_artifact__t3,negative,artifact_quality,torn tissue artifact,torn_tissue_artifact,3,a microscopic histopathology image demonstrating {concept},a microscopic histopathology image demonstrating torn tissue artifact
negative__artifact_quality__torn_tissue_artifact__t4,negative,artifact_quality,torn tissue artifact,torn_tissue_artifact,4,a digital pathology image containing {concept},a digital pathology image containing torn tissue artifact
negative__artifact_quality__crushed_tissue_artifact__t0,negative,artifact_quality,crushed tissue artifact,crushed_tissue_artifact,0,a hematoxylin and eosin histopathology image showing {concept},a hematoxylin and eosin histopathology image showing crushed tissue artifact
negative__artifact_quality__crushed_tissue_artifact__t1,negative,artifact_quality,crushed tissue artifact,crushed_tissue_artifact,1,an H&E stained histology image showing {concept},an H&E stained histology image showing crushed tissue artifact
negative__artifact_quality__crushed_tissue_artifact__t2,negative,artifact_quality,crushed tissue artifact,crushed_tissue_artifact,2,a pathology image of tissue with {concept},a pathology image of tissue with crushed tissue artifact
negative__artifact_quality__crushed_tissue_artifact__t3,negative,artifact_quality,crushed tissue artifact,crushed_tissue_artifact,3,a microscopic histopathology image demonstrating {concept},a microscopic histopathology image demonstrating crushed tissue artifact
negative__artifact_quality__crushed_tissue_artifact__t4,negative,artifact_quality,crushed tissue artifact,crushed_tissue_artifact,4,a digital pathology image containing {concept},a digital pathology image containing crushed tissue artifact
negative__artifact_quality__air_bubble_artifact__t0,negative,artifact_quality,air bubble artifact,air_bubble_artifact,0,a hematoxylin and eosin histopathology image showing {concept},a hematoxylin and eosin histopathology image showing air bubble artifact
negative__artifact_quality__air_bubble_artifact__t1,negative,artifact_quality,air bubble artifact,air_bubble_artifact,1,an H&E stained histology image showing {concept},an H&E stained histology image showing air bubble artifact
negative__artifact_quality__air_bubble_artifact__t2,negative,artifact_quality,air bubble artifact,air_bubble_artifact,2,a pathology image of tissue with {concept},a pathology image of tissue with air bubble artifact
negative__artifact_quality__air_bubble_artifact__t3,negative,artifact_quality,air bubble artifact,air_bubble_artifact,3,a microscopic histopathology image demonstrating {concept},a microscopic histopathology image demonstrating air bubble artifact
negative__artifact_quality__air_bubble_artifact__t4,negative,artifact_quality,air bubble artifact,air_bubble_artifact,4,a digital pathology image containing {concept},a digital pathology image containing air bubble artifact
negative__artifact_quality__scanner_artifact__t0,negative,artifact_quality,scanner artifact,scanner_artifact,0,a hematoxylin and eosin histopathology image showing {concept},a hematoxylin and eosin histopathology image showing scanner artifact
negative__artifact_quality__scanner_artifact__t1,negative,artifact_quality,scanner artifact,scanner_artifact,1,an H&E stained histology image showing {concept},an H&E stained histology image showing scanner artifact
negative__artifact_quality__scanner_artifact__t2,negative,artifact_quality,scanner artifact,scanner_artifact,2,a pathology image of tissue with {concept},a pathology image of tissue with scanner artifact
negative__artifact_quality__scanner_artifact__t3,negative,artifact_quality,scanner artifact,scanner_artifact,3,a microscopic histopathology image demonstrating {concept},a microscopic histopathology image demonstrating scanner artifact
negative__artifact_quality__scanner_artifact__t4,negative,artifact_quality,scanner artifact,scanner_artifact,4,a digital pathology image containing {concept},a digital pathology image containing scanner artifact
negative__artifact_quality__pen_mark_artifact__t0,negative,artifact_quality,pen mark artifact,pen_mark_artifact,0,a hematoxylin and eosin histopathology image showing {concept},a hematoxylin and eosin histopathology image showing pen mark artifact
negative__artifact_quality__pen_mark_artifact__t1,negative,artifact_quality,pen mark artifact,pen_mark_artifact,1,an H&E stained histology image showing {concept},an H&E stained histology image showing pen mark artifact
negative__artifact_quality__pen_mark_artifact__t2,negative,artifact_quality,pen mark artifact,pen_mark_artifact,2,a pathology image of tissue with {concept},a pathology image of tissue with pen mark artifact
negative__artifact_quality__pen_mark_artifact__t3,negative,artifact_quality,pen mark artifact,pen_mark_artifact,3,a microscopic histopathology image demonstrating {concept},a microscopic histopathology image demonstrating pen mark artifact
negative__artifact_quality__pen_mark_artifact__t4,negative,artifact_quality,pen mark artifact,pen_mark_artifact,4,a digital pathology image containing {concept},a digital pathology image containing pen mark artifact
negative__artifact_quality__staining_artifact__t0,negative,artifact_quality,staining artifact,staining_artifact,0,a hematoxylin and eosin histopathology image showing {concept},a hematoxylin and eosin histopathology image showing staining artifact
negative__artifact_quality__staining_artifact__t1,negative,artifact_quality,staining artifact,staining_artifact,1,an H&E stained histology image showing {concept},an H&E stained histology image showing staining artifact
negative__artifact_quality__staining_artifact__t2,negative,artifact_quality,staining artifact,staining_artifact,2,a pathology image of tissue with {concept},a pathology image of tissue with staining artifact
negative__artifact_quality__staining_artifact__t3,negative,artifact_quality,staining artifact,staining_artifact,3,a microscopic histopathology image demonstrating {concept},a microscopic histopathology image demonstrating staining artifact
negative__artifact_quality__staining_artifact__t4,negative,artifact_quality,staining artifact,staining_artifact,4,a digital pathology image containing {concept},a digital pathology image containing staining artifact
negative__artifact_quality__uneven_staining__t0,negative,artifact_quality,uneven staining,uneven_staining,0,a hematoxylin and eosin histopathology image showing {concept},a hematoxylin and eosin histopathology image showing uneven staining
negative__artifact_quality__uneven_staining__t1,negative,artifact_quality,uneven staining,uneven_staining,1,an H&E stained histology image showing {concept},an H&E stained histology image showing uneven staining
negative__artifact_quality__uneven_staining__t2,negative,artifact_quality,uneven staining,uneven_staining,2,a pathology image of tissue with {concept},a pathology image of tissue with uneven staining
negative__artifact_quality__uneven_staining__t3,negative,artifact_quality,uneven staining,uneven_staining,3,a microscopic histopathology image demonstrating {concept},a microscopic histopathology image demonstrating uneven staining
negative__artifact_quality__uneven_staining__t4,negative,artifact_quality,uneven staining,uneven_staining,4,a digital pathology image containing {concept},a digital pathology image containing uneven staining
negative__artifact_quality__dark_overstained_tissue__t0,negative,artifact_quality,dark overstained tissue,dark_overstained_tissue,0,a hematoxylin and eosin histopathology image showing {concept},a hematoxylin and eosin histopathology image showing dark overstained tissue
negative__artifact_quality__dark_overstained_tissue__t1,negative,artifact_quality,dark overstained tissue,dark_overstained_tissue,1,an H&E stained histology image showing {concept},an H&E stained histology image showing dark overstained tissue
negative__artifact_quality__dark_overstained_tissue__t2,negative,artifact_quality,dark overstained tissue,dark_overstained_tissue,2,a pathology image of tissue with {concept},a pathology image of tissue with dark overstained tissue
negative__artifact_quality__dark_overstained_tissue__t3,negative,artifact_quality,dark overstained tissue,dark_overstained_tissue,3,a microscopic histopathology image demonstrating {concept},a microscopic histopathology image demonstrating dark overstained tissue
negative__artifact_quality__dark_overstained_tissue__t4,negative,artifact_quality,dark overstained tissue,dark_overstained_tissue,4,a digital pathology image containing {concept},a digital pathology image containing dark overstained tissue
negative__artifact_quality__pale_understained_tissue__t0,negative,artifact_quality,pale understained tissue,pale_understained_tissue,0,a hematoxylin and eosin histopathology image showing {concept},a hematoxylin and eosin histopathology image showing pale understained tissue
negative__artifact_quality__pale_understained_tissue__t1,negative,artifact_quality,pale understained tissue,pale_understained_tissue,1,an H&E stained histology image showing {concept},an H&E stained histology image showing pale understained tissue
negative__artifact_quality__pale_understained_tissue__t2,negative,artifact_quality,pale understained tissue,pale_understained_tissue,2,a pathology image of tissue with {concept},a pathology image of tissue with pale understained tissue
negative__artifact_quality__pale_understained_tissue__t3,negative,artifact_quality,pale understained tissue,pale_understained_tissue,3,a microscopic histopathology image demonstrating {concept},a microscopic histopathology image demonstrating pale understained tissue
negative__artifact_quality__pale_understained_tissue__t4,negative,artifact_quality,pale understained tissue,pale_understained_tissue,4,a digital pathology image containing {concept},a digital pathology image containing pale understained tissue
negative__artifact_quality__tissue_with_strong_color_variation__t0,negative,artifact_quality,tissue with strong color variation,tissue_with_strong_color_variation,0,a hematoxylin and eosin histopathology image showing {concept},a hematoxylin and eosin histopathology image showing tissue with strong color variation
negative__artifact_quality__tissue_with_strong_color_variation__t1,negative,artifact_quality,tissue with strong color variation,tissue_with_strong_color_variation,1,an H&E stained histology image showing {concept},an H&E stained histology image showing tissue with strong color variation
negative__artifact_quality__tissue_with_strong_color_variation__t2,negative,artifact_quality,tissue with strong color variation,tissue_with_strong_color_variation,2,a pathology image of tissue with {concept},a pathology image of tissue with tissue with strong color variation
negative__artifact_quality__tissue_with_strong_color_variation__t3,negative,artifact_quality,tissue with strong color variation,tissue_with_strong_color_variation,3,a microscopic histopathology image demonstrating {concept},a microscopic histopathology image demonstrating tissue with strong color variation
negative__artifact_quality__tissue_with_strong_color_variation__t4,negative,artifact_quality,tissue with strong color variation,tissue_with_strong_color_variation,4,a digital pathology image containing {concept},a digital pathology image containing tissue with strong color variation
negative__artifact_quality__tissue_section_chatter_artifact__t0,negative,artifact_quality,tissue section chatter artifact,tissue_section_chatter_artifact,0,a hematoxylin and eosin histopathology image showing {concept},a hematoxylin and eosin histopathology image showing tissue section chatter artifact
negative__artifact_quality__tissue_section_chatter_artifact__t1,negative,artifact_quality,tissue section chatter artifact,tissue_section_chatter_artifact,1,an H&E stained histology image showing {concept},an H&E stained histology image showing tissue section chatter artifact
negative__artifact_quality__tissue_section_chatter_artifact__t2,negative,artifact_quality,tissue section chatter artifact,tissue_section_chatter_artifact,2,a pathology image of tissue with {concept},a pathology image of tissue with tissue section chatter artifact
negative__artifact_quality__tissue_section_chatter_artifact__t3,negative,artifact_quality,tissue section chatter artifact,tissue_section_chatter_artifact,3,a microscopic histopathology image demonstrating {concept},a microscopic histopathology image demonstrating tissue section chatter artifact
negative__artifact_quality__tissue_section_chatter_artifact__t4,negative,artifact_quality,tissue section chatter artifact,tissue_section_chatter_artifact,4,a digital pathology image containing {concept},a digital pathology image containing tissue section chatter artifact
negative__artifact_quality__tissue_section_knife_mark_artifact__t0,negative,artifact_quality,tissue section knife mark artifact,tissue_section_knife_mark_artifact,0,a hematoxylin and eosin histopathology image showing {concept},a hematoxylin and eosin histopathology image showing tissue section knife mark artifact
negative__artifact_quality__tissue_section_knife_mark_artifact__t1,negative,artifact_quality,tissue section knife mark artifact,tissue_section_knife_mark_artifact,1,an H&E stained histology image showing {concept},an H&E stained histology image showing tissue section knife mark artifact
negative__artifact_quality__tissue_section_knife_mark_artifact__t2,negative,artifact_quality,tissue section knife mark artifact,tissue_section_knife_mark_artifact,2,a pathology image of tissue with {concept},a pathology image of tissue with tissue section knife mark artifact
negative__artifact_quality__tissue_section_knife_mark_artifact__t3,negative,artifact_quality,tissue section knife mark artifact,tissue_section_knife_mark_artifact,3,a microscopic histopathology image demonstrating {concept},a microscopic histopathology image demonstrating tissue section knife mark artifact
negative__artifact_quality__tissue_section_knife_mark_artifact__t4,negative,artifact_quality,tissue section knife mark artifact,tissue_section_knife_mark_artifact,4,a digital pathology image containing {concept},a digital pathology image containing tissue section knife mark artifact
negative__artifact_quality__dust_or_debris_on_slide__t0,negative,artifact_quality,dust or debris on slide,dust_or_debris_on_slide,0,a hematoxylin and eosin histopathology image showing {concept},a hematoxylin and eosin histopathology image showing dust or debris on slide
negative__artifact_quality__dust_or_debris_on_slide__t1,negative,artifact_quality,dust or debris on slide,dust_or_debris_on_slide,1,an H&E stained histology image showing {concept},an H&E stained histology image showing dust or debris on slide
negative__artifact_quality__dust_or_debris_on_slide__t2,negative,artifact_quality,dust or debris on slide,dust_or_debris_on_slide,2,a pathology image of tissue with {concept},a pathology image of tissue with dust or debris on slide
negative__artifact_quality__dust_or_debris_on_slide__t3,negative,artifact_quality,dust or debris on slide,dust_or_debris_on_slide,3,a microscopic histopathology image demonstrating {concept},a microscopic histopathology image demonstrating dust or debris on slide
negative__artifact_quality__dust_or_debris_on_slide__t4,negative,artifact_quality,dust or debris on slide,dust_or_debris_on_slide,4,a digital pathology image containing {concept},a digital pathology image containing dust or debris on slide
negative__artifact_quality__blood_only__t0,negative,artifact_quality,blood only,blood_only,0,a hematoxylin and eosin histopathology image showing {concept},a hematoxylin and eosin histopathology image showing blood only
negative__artifact_quality__blood_only__t1,negative,artifact_quality,blood only,blood_only,1,an H&E stained histology image showing {concept},an H&E stained histology image showing blood only
negative__artifact_quality__blood_only__t2,negative,artifact_quality,blood only,blood_only,2,a pathology image of tissue with {concept},a pathology image of tissue with blood only
negative__artifact_quality__blood_only__t3,negative,artifact_quality,blood only,blood_only,3,a microscopic histopathology image demonstrating {concept},a microscopic histopathology image demonstrating blood only
negative__artifact_quality__blood_only__t4,negative,artifact_quality,blood only,blood_only,4,a digital pathology image containing {concept},a digital pathology image containing blood only
negative__artifact_quality__mostly_background_with_little_tissue__t0,negative,artifact_quality,mostly background with little tissue,mostly_background_with_little_tissue,0,a hematoxylin and eosin histopathology image showing {concept},a hematoxylin and eosin histopathology image showing mostly background with little tissue
negative__artifact_quality__mostly_background_with_little_tissue__t1,negative,artifact_quality,mostly background with little tissue,mostly_background_with_little_tissue,1,an H&E stained histology image showing {concept},an H&E stained histology image showing mostly background with little tissue
negative__artifact_quality__mostly_background_with_little_tissue__t2,negative,artifact_quality,mostly background with little tissue,mostly_background_with_little_tissue,2,a pathology image of tissue with {concept},a pathology image of tissue with mostly background with little tissue
negative__artifact_quality__mostly_background_with_little_tissue__t3,negative,artifact_quality,mostly background with little tissue,mostly_background_with_little_tissue,3,a microscopic histopathology image demonstrating {concept},a microscopic histopathology image demonstrating mostly background with little tissue
negative__artifact_quality__mostly_background_with_little_tissue__t4,negative,artifact_quality,mostly background with little tissue,mostly_background_with_little_tissue,4,a digital pathology image containing {concept},a digital pathology image containing mostly background with little tissue
negative__artifact_quality__necrotic_debris_without_viable_tissue__t0,negative,artifact_quality,necrotic debris without viable tissue,necrotic_debris_without_viable_tissue,0,a hematoxylin and eosin histopathology image showing {concept},a hematoxylin and eosin histopathology image showing necrotic debris without viable tissue
negative__artifact_quality__necrotic_debris_without_viable_tissue__t1,negative,artifact_quality,necrotic debris without viable tissue,necrotic_debris_without_viable_tissue,1,an H&E stained histology image showing {concept},an H&E stained histology image showing necrotic debris without viable tissue
negative__artifact_quality__necrotic_debris_without_viable_tissue__t2,negative,artifact_quality,necrotic debris without viable tissue,necrotic_debris_without_viable_tissue,2,a pathology image of tissue with {concept},a pathology image of tissue with necrotic debris without viable tissue
negative__artifact_quality__necrotic_debris_without_viable_tissue__t3,negative,artifact_quality,necrotic debris without viable tissue,necrotic_debris_without_viable_tissue,3,a microscopic histopathology image demonstrating {concept},a microscopic histopathology image demonstrating necrotic debris without viable tissue
negative__artifact_quality__necrotic_debris_without_viable_tissue__t4,negative,artifact_quality,necrotic debris without viable tissue,necrotic_debris_without_viable_tissue,4,a digital pathology image containing {concept},a digital pathology image containing necrotic debris without viable tissue
analysis__tissue_identity__breast_tissue__t0,analysis,tissue_identity,breast tissue,breast_tissue,0,a hematoxylin and eosin histopathology image showing {concept},a hematoxylin and eosin histopathology image showing breast tissue
analysis__tissue_identity__breast_tissue__t1,analysis,tissue_identity,breast tissue,breast_tissue,1,an H&E stained histology image showing {concept},an H&E stained histology image showing breast tissue
analysis__tissue_identity__breast_tissue__t2,analysis,tissue_identity,breast tissue,breast_tissue,2,a pathology image of tissue with {concept},a pathology image of tissue with breast tissue
analysis__tissue_identity__breast_tissue__t3,analysis,tissue_identity,breast tissue,breast_tissue,3,a microscopic histopathology image demonstrating {concept},a microscopic histopathology image demonstrating breast tissue
analysis__tissue_identity__breast_tissue__t4,analysis,tissue_identity,breast tissue,breast_tissue,4,a digital pathology image containing {concept},a digital pathology image containing breast tissue
analysis__tissue_identity__prostate_tissue__t0,analysis,tissue_identity,prostate tissue,prostate_tissue,0,a hematoxylin and eosin histopathology image showing {concept},a hematoxylin and eosin histopathology image showing prostate tissue
analysis__tissue_identity__prostate_tissue__t1,analysis,tissue_identity,prostate tissue,prostate_tissue,1,an H&E stained histology image showing {concept},an H&E stained histology image showing prostate tissue
analysis__tissue_identity__prostate_tissue__t2,analysis,tissue_identity,prostate tissue,prostate_tissue,2,a pathology image of tissue with {concept},a pathology image of tissue with prostate tissue
analysis__tissue_identity__prostate_tissue__t3,analysis,tissue_identity,prostate tissue,prostate_tissue,3,a microscopic histopathology image demonstrating {concept},a microscopic histopathology image demonstrating prostate tissue
analysis__tissue_identity__prostate_tissue__t4,analysis,tissue_identity,prostate tissue,prostate_tissue,4,a digital pathology image containing {concept},a digital pathology image containing prostate tissue
analysis__tissue_identity__colorectal_tissue__t0,analysis,tissue_identity,colorectal tissue,colorectal_tissue,0,a hematoxylin and eosin histopathology image showing {concept},a hematoxylin and eosin histopathology image showing colorectal tissue
analysis__tissue_identity__colorectal_tissue__t1,analysis,tissue_identity,colorectal tissue,colorectal_tissue,1,an H&E stained histology image showing {concept},an H&E stained histology image showing colorectal tissue
analysis__tissue_identity__colorectal_tissue__t2,analysis,tissue_identity,colorectal tissue,colorectal_tissue,2,a pathology image of tissue with {concept},a pathology image of tissue with colorectal tissue
analysis__tissue_identity__colorectal_tissue__t3,analysis,tissue_identity,colorectal tissue,colorectal_tissue,3,a microscopic histopathology image demonstrating {concept},a microscopic histopathology image demonstrating colorectal tissue
analysis__tissue_identity__colorectal_tissue__t4,analysis,tissue_identity,colorectal tissue,colorectal_tissue,4,a digital pathology image containing {concept},a digital pathology image containing colorectal tissue
analysis__tissue_identity__colon_tissue__t0,analysis,tissue_identity,colon tissue,colon_tissue,0,a hematoxylin and eosin histopathology image showing {concept},a hematoxylin and eosin histopathology image showing colon tissue
analysis__tissue_identity__colon_tissue__t1,analysis,tissue_identity,colon tissue,colon_tissue,1,an H&E stained histology image showing {concept},an H&E stained histology image showing colon tissue
analysis__tissue_identity__colon_tissue__t2,analysis,tissue_identity,colon tissue,colon_tissue,2,a pathology image of tissue with {concept},a pathology image of tissue with colon tissue
analysis__tissue_identity__colon_tissue__t3,analysis,tissue_identity,colon tissue,colon_tissue,3,a microscopic histopathology image demonstrating {concept},a microscopic histopathology image demonstrating colon tissue
analysis__tissue_identity__colon_tissue__t4,analysis,tissue_identity,colon tissue,colon_tissue,4,a digital pathology image containing {concept},a digital pathology image containing colon tissue
analysis__tissue_identity__rectal_tissue__t0,analysis,tissue_identity,rectal tissue,rectal_tissue,0,a hematoxylin and eosin histopathology image showing {concept},a hematoxylin and eosin histopathology image showing rectal tissue
analysis__tissue_identity__rectal_tissue__t1,analysis,tissue_identity,rectal tissue,rectal_tissue,1,an H&E stained histology image showing {concept},an H&E stained histology image showing rectal tissue
analysis__tissue_identity__rectal_tissue__t2,analysis,tissue_identity,rectal tissue,rectal_tissue,2,a pathology image of tissue with {concept},a pathology image of tissue with rectal tissue
analysis__tissue_identity__rectal_tissue__t3,analysis,tissue_identity,rectal tissue,rectal_tissue,3,a microscopic histopathology image demonstrating {concept},a microscopic histopathology image demonstrating rectal tissue
analysis__tissue_identity__rectal_tissue__t4,analysis,tissue_identity,rectal tissue,rectal_tissue,4,a digital pathology image containing {concept},a digital pathology image containing rectal tissue
analysis__tissue_identity__lung_tissue__t0,analysis,tissue_identity,lung tissue,lung_tissue,0,a hematoxylin and eosin histopathology image showing {concept},a hematoxylin and eosin histopathology image showing lung tissue
analysis__tissue_identity__lung_tissue__t1,analysis,tissue_identity,lung tissue,lung_tissue,1,an H&E stained histology image showing {concept},an H&E stained histology image showing lung tissue
analysis__tissue_identity__lung_tissue__t2,analysis,tissue_identity,lung tissue,lung_tissue,2,a pathology image of tissue with {concept},a pathology image of tissue with lung tissue
analysis__tissue_identity__lung_tissue__t3,analysis,tissue_identity,lung tissue,lung_tissue,3,a microscopic histopathology image demonstrating {concept},a microscopic histopathology image demonstrating lung tissue
analysis__tissue_identity__lung_tissue__t4,analysis,tissue_identity,lung tissue,lung_tissue,4,a digital pathology image containing {concept},a digital pathology image containing lung tissue
analysis__tissue_identity__gastric_tissue__t0,analysis,tissue_identity,gastric tissue,gastric_tissue,0,a hematoxylin and eosin histopathology image showing {concept},a hematoxylin and eosin histopathology image showing gastric tissue
analysis__tissue_identity__gastric_tissue__t1,analysis,tissue_identity,gastric tissue,gastric_tissue,1,an H&E stained histology image showing {concept},an H&E stained histology image showing gastric tissue
analysis__tissue_identity__gastric_tissue__t2,analysis,tissue_identity,gastric tissue,gastric_tissue,2,a pathology image of tissue with {concept},a pathology image of tissue with gastric tissue
analysis__tissue_identity__gastric_tissue__t3,analysis,tissue_identity,gastric tissue,gastric_tissue,3,a microscopic histopathology image demonstrating {concept},a microscopic histopathology image demonstrating gastric tissue
analysis__tissue_identity__gastric_tissue__t4,analysis,tissue_identity,gastric tissue,gastric_tissue,4,a digital pathology image containing {concept},a digital pathology image containing gastric tissue
analysis__tissue_identity__kidney_tissue__t0,analysis,tissue_identity,kidney tissue,kidney_tissue,0,a hematoxylin and eosin histopathology image showing {concept},a hematoxylin and eosin histopathology image showing kidney tissue
analysis__tissue_identity__kidney_tissue__t1,analysis,tissue_identity,kidney tissue,kidney_tissue,1,an H&E stained histology image showing {concept},an H&E stained histology image showing kidney tissue
analysis__tissue_identity__kidney_tissue__t2,analysis,tissue_identity,kidney tissue,kidney_tissue,2,a pathology image of tissue with {concept},a pathology image of tissue with kidney tissue
analysis__tissue_identity__kidney_tissue__t3,analysis,tissue_identity,kidney tissue,kidney_tissue,3,a microscopic histopathology image demonstrating {concept},a microscopic histopathology image demonstrating kidney tissue
analysis__tissue_identity__kidney_tissue__t4,analysis,tissue_identity,kidney tissue,kidney_tissue,4,a digital pathology image containing {concept},a digital pathology image containing kidney tissue
analysis__tissue_identity__liver_tissue__t0,analysis,tissue_identity,liver tissue,liver_tissue,0,a hematoxylin and eosin histopathology image showing {concept},a hematoxylin and eosin histopathology image showing liver tissue
analysis__tissue_identity__liver_tissue__t1,analysis,tissue_identity,liver tissue,liver_tissue,1,an H&E stained histology image showing {concept},an H&E stained histology image showing liver tissue
analysis__tissue_identity__liver_tissue__t2,analysis,tissue_identity,liver tissue,liver_tissue,2,a pathology image of tissue with {concept},a pathology image of tissue with liver tissue
analysis__tissue_identity__liver_tissue__t3,analysis,tissue_identity,liver tissue,liver_tissue,3,a microscopic histopathology image demonstrating {concept},a microscopic histopathology image demonstrating liver tissue
analysis__tissue_identity__liver_tissue__t4,analysis,tissue_identity,liver tissue,liver_tissue,4,a digital pathology image containing {concept},a digital pathology image containing liver tissue
analysis__tissue_identity__pancreatic_tissue__t0,analysis,tissue_identity,pancreatic tissue,pancreatic_tissue,0,a hematoxylin and eosin histopathology image showing {concept},a hematoxylin and eosin histopathology image showing pancreatic tissue
analysis__tissue_identity__pancreatic_tissue__t1,analysis,tissue_identity,pancreatic tissue,pancreatic_tissue,1,an H&E stained histology image showing {concept},an H&E stained histology image showing pancreatic tissue
analysis__tissue_identity__pancreatic_tissue__t2,analysis,tissue_identity,pancreatic tissue,pancreatic_tissue,2,a pathology image of tissue with {concept},a pathology image of tissue with pancreatic tissue
analysis__tissue_identity__pancreatic_tissue__t3,analysis,tissue_identity,pancreatic tissue,pancreatic_tissue,3,a microscopic histopathology image demonstrating {concept},a microscopic histopathology image demonstrating pancreatic tissue
analysis__tissue_identity__pancreatic_tissue__t4,analysis,tissue_identity,pancreatic tissue,pancreatic_tissue,4,a digital pathology image containing {concept},a digital pathology image containing pancreatic tissue
analysis__tissue_identity__ovarian_tissue__t0,analysis,tissue_identity,ovarian tissue,ovarian_tissue,0,a hematoxylin and eosin histopathology image showing {concept},a hematoxylin and eosin histopathology image showing ovarian tissue
analysis__tissue_identity__ovarian_tissue__t1,analysis,tissue_identity,ovarian tissue,ovarian_tissue,1,an H&E stained histology image showing {concept},an H&E stained histology image showing ovarian tissue
analysis__tissue_identity__ovarian_tissue__t2,analysis,tissue_identity,ovarian tissue,ovarian_tissue,2,a pathology image of tissue with {concept},a pathology image of tissue with ovarian tissue
analysis__tissue_identity__ovarian_tissue__t3,analysis,tissue_identity,ovarian tissue,ovarian_tissue,3,a microscopic histopathology image demonstrating {concept},a microscopic histopathology image demonstrating ovarian tissue
analysis__tissue_identity__ovarian_tissue__t4,analysis,tissue_identity,ovarian tissue,ovarian_tissue,4,a digital pathology image containing {concept},a digital pathology image containing ovarian tissue
analysis__tissue_identity__uterine_tissue__t0,analysis,tissue_identity,uterine tissue,uterine_tissue,0,a hematoxylin and eosin histopathology image showing {concept},a hematoxylin and eosin histopathology image showing uterine tissue
analysis__tissue_identity__uterine_tissue__t1,analysis,tissue_identity,uterine tissue,uterine_tissue,1,an H&E stained histology image showing {concept},an H&E stained histology image showing uterine tissue
analysis__tissue_identity__uterine_tissue__t2,analysis,tissue_identity,uterine tissue,uterine_tissue,2,a pathology image of tissue with {concept},a pathology image of tissue with uterine tissue
analysis__tissue_identity__uterine_tissue__t3,analysis,tissue_identity,uterine tissue,uterine_tissue,3,a microscopic histopathology image demonstrating {concept},a microscopic histopathology image demonstrating uterine tissue
analysis__tissue_identity__uterine_tissue__t4,analysis,tissue_identity,uterine tissue,uterine_tissue,4,a digital pathology image containing {concept},a digital pathology image containing uterine tissue
analysis__tissue_identity__endometrial_tissue__t0,analysis,tissue_identity,endometrial tissue,endometrial_tissue,0,a hematoxylin and eosin histopathology image showing {concept},a hematoxylin and eosin histopathology image showing endometrial tissue
analysis__tissue_identity__endometrial_tissue__t1,analysis,tissue_identity,endometrial tissue,endometrial_tissue,1,an H&E stained histology image showing {concept},an H&E stained histology image showing endometrial tissue
analysis__tissue_identity__endometrial_tissue__t2,analysis,tissue_identity,endometrial tissue,endometrial_tissue,2,a pathology image of tissue with {concept},a pathology image of tissue with endometrial tissue
analysis__tissue_identity__endometrial_tissue__t3,analysis,tissue_identity,endometrial tissue,endometrial_tissue,3,a microscopic histopathology image demonstrating {concept},a microscopic histopathology image demonstrating endometrial tissue
analysis__tissue_identity__endometrial_tissue__t4,analysis,tissue_identity,endometrial tissue,endometrial_tissue,4,a digital pathology image containing {concept},a digital pathology image containing endometrial tissue
analysis__tissue_identity__brain_tissue__t0,analysis,tissue_identity,brain tissue,brain_tissue,0,a hematoxylin and eosin histopathology image showing {concept},a hematoxylin and eosin histopathology image showing brain tissue
analysis__tissue_identity__brain_tissue__t1,analysis,tissue_identity,brain tissue,brain_tissue,1,an H&E stained histology image showing {concept},an H&E stained histology image showing brain tissue
analysis__tissue_identity__brain_tissue__t2,analysis,tissue_identity,brain tissue,brain_tissue,2,a pathology image of tissue with {concept},a pathology image of tissue with brain tissue
analysis__tissue_identity__brain_tissue__t3,analysis,tissue_identity,brain tissue,brain_tissue,3,a microscopic histopathology image demonstrating {concept},a microscopic histopathology image demonstrating brain tissue
analysis__tissue_identity__brain_tissue__t4,analysis,tissue_identity,brain tissue,brain_tissue,4,a digital pathology image containing {concept},a digital pathology image containing brain tissue
analysis__tissue_identity__skin_tissue__t0,analysis,tissue_identity,skin tissue,skin_tissue,0,a hematoxylin and eosin histopathology image showing {concept},a hematoxylin and eosin histopathology image showing skin tissue
analysis__tissue_identity__skin_tissue__t1,analysis,tissue_identity,skin tissue,skin_tissue,1,an H&E stained histology image showing {concept},an H&E stained histology image showing skin tissue
analysis__tissue_identity__skin_tissue__t2,analysis,tissue_identity,skin tissue,skin_tissue,2,a pathology image of tissue with {concept},a pathology image of tissue with skin tissue
analysis__tissue_identity__skin_tissue__t3,analysis,tissue_identity,skin tissue,skin_tissue,3,a microscopic histopathology image demonstrating {concept},a microscopic histopathology image demonstrating skin tissue
analysis__tissue_identity__skin_tissue__t4,analysis,tissue_identity,skin tissue,skin_tissue,4,a digital pathology image containing {concept},a digital pathology image containing skin tissue
analysis__tissue_identity__lymph_node_tissue__t0,analysis,tissue_identity,lymph node tissue,lymph_node_tissue,0,a hematoxylin and eosin histopathology image showing {concept},a hematoxylin and eosin histopathology image showing lymph node tissue
analysis__tissue_identity__lymph_node_tissue__t1,analysis,tissue_identity,lymph node tissue,lymph_node_tissue,1,an H&E stained histology image showing {concept},an H&E stained histology image showing lymph node tissue
analysis__tissue_identity__lymph_node_tissue__t2,analysis,tissue_identity,lymph node tissue,lymph_node_tissue,2,a pathology image of tissue with {concept},a pathology image of tissue with lymph node tissue
analysis__tissue_identity__lymph_node_tissue__t3,analysis,tissue_identity,lymph node tissue,lymph_node_tissue,3,a microscopic histopathology image demonstrating {concept},a microscopic histopathology image demonstrating lymph node tissue
analysis__tissue_identity__lymph_node_tissue__t4,analysis,tissue_identity,lymph node tissue,lymph_node_tissue,4,a digital pathology image containing {concept},a digital pathology image containing lymph node tissue
analysis__tissue_identity__thyroid_tissue__t0,analysis,tissue_identity,thyroid tissue,thyroid_tissue,0,a hematoxylin and eosin histopathology image showing {concept},a hematoxylin and eosin histopathology image showing thyroid tissue
analysis__tissue_identity__thyroid_tissue__t1,analysis,tissue_identity,thyroid tissue,thyroid_tissue,1,an H&E stained histology image showing {concept},an H&E stained histology image showing thyroid tissue
analysis__tissue_identity__thyroid_tissue__t2,analysis,tissue_identity,thyroid tissue,thyroid_tissue,2,a pathology image of tissue with {concept},a pathology image of tissue with thyroid tissue
analysis__tissue_identity__thyroid_tissue__t3,analysis,tissue_identity,thyroid tissue,thyroid_tissue,3,a microscopic histopathology image demonstrating {concept},a microscopic histopathology image demonstrating thyroid tissue
analysis__tissue_identity__thyroid_tissue__t4,analysis,tissue_identity,thyroid tissue,thyroid_tissue,4,a digital pathology image containing {concept},a digital pathology image containing thyroid tissue
analysis__tissue_identity__bladder_tissue__t0,analysis,tissue_identity,bladder tissue,bladder_tissue,0,a hematoxylin and eosin histopathology image showing {concept},a hematoxylin and eosin histopathology image showing bladder tissue
analysis__tissue_identity__bladder_tissue__t1,analysis,tissue_identity,bladder tissue,bladder_tissue,1,an H&E stained histology image showing {concept},an H&E stained histology image showing bladder tissue
analysis__tissue_identity__bladder_tissue__t2,analysis,tissue_identity,bladder tissue,bladder_tissue,2,a pathology image of tissue with {concept},a pathology image of tissue with bladder tissue
analysis__tissue_identity__bladder_tissue__t3,analysis,tissue_identity,bladder tissue,bladder_tissue,3,a microscopic histopathology image demonstrating {concept},a microscopic histopathology image demonstrating bladder tissue
analysis__tissue_identity__bladder_tissue__t4,analysis,tissue_identity,bladder tissue,bladder_tissue,4,a digital pathology image containing {concept},a digital pathology image containing bladder tissue
analysis__tissue_identity__testicular_tissue__t0,analysis,tissue_identity,testicular tissue,testicular_tissue,0,a hematoxylin and eosin histopathology image showing {concept},a hematoxylin and eosin histopathology image showing testicular tissue
analysis__tissue_identity__testicular_tissue__t1,analysis,tissue_identity,testicular tissue,testicular_tissue,1,an H&E stained histology image showing {concept},an H&E stained histology image showing testicular tissue
analysis__tissue_identity__testicular_tissue__t2,analysis,tissue_identity,testicular tissue,testicular_tissue,2,a pathology image of tissue with {concept},a pathology image of tissue with testicular tissue
analysis__tissue_identity__testicular_tissue__t3,analysis,tissue_identity,testicular tissue,testicular_tissue,3,a microscopic histopathology image demonstrating {concept},a microscopic histopathology image demonstrating testicular tissue
analysis__tissue_identity__testicular_tissue__t4,analysis,tissue_identity,testicular tissue,testicular_tissue,4,a digital pathology image containing {concept},a digital pathology image containing testicular tissue
analysis__tissue_identity__adrenal_tissue__t0,analysis,tissue_identity,adrenal tissue,adrenal_tissue,0,a hematoxylin and eosin histopathology image showing {concept},a hematoxylin and eosin histopathology image showing adrenal tissue
analysis__tissue_identity__adrenal_tissue__t1,analysis,tissue_identity,adrenal tissue,adrenal_tissue,1,an H&E stained histology image showing {concept},an H&E stained histology image showing adrenal tissue
analysis__tissue_identity__adrenal_tissue__t2,analysis,tissue_identity,adrenal tissue,adrenal_tissue,2,a pathology image of tissue with {concept},a pathology image of tissue with adrenal tissue
analysis__tissue_identity__adrenal_tissue__t3,analysis,tissue_identity,adrenal tissue,adrenal_tissue,3,a microscopic histopathology image demonstrating {concept},a microscopic histopathology image demonstrating adrenal tissue
analysis__tissue_identity__adrenal_tissue__t4,analysis,tissue_identity,adrenal tissue,adrenal_tissue,4,a digital pathology image containing {concept},a digital pathology image containing adrenal tissue
analysis__tissue_identity__soft_tissue__t0,analysis,tissue_identity,soft tissue,soft_tissue,0,a hematoxylin and eosin histopathology image showing {concept},a hematoxylin and eosin histopathology image showing soft tissue
analysis__tissue_identity__soft_tissue__t1,analysis,tissue_identity,soft tissue,soft_tissue,1,an H&E stained histology image showing {concept},an H&E stained histology image showing soft tissue
analysis__tissue_identity__soft_tissue__t2,analysis,tissue_identity,soft tissue,soft_tissue,2,a pathology image of tissue with {concept},a pathology image of tissue with soft tissue
analysis__tissue_identity__soft_tissue__t3,analysis,tissue_identity,soft tissue,soft_tissue,3,a microscopic histopathology image demonstrating {concept},a microscopic histopathology image demonstrating soft tissue
analysis__tissue_identity__soft_tissue__t4,analysis,tissue_identity,soft tissue,soft_tissue,4,a digital pathology image containing {concept},a digital pathology image containing soft tissue
analysis__tissue_identity__bone_marrow_tissue__t0,analysis,tissue_identity,bone marrow tissue,bone_marrow_tissue,0,a hematoxylin and eosin histopathology image showing {concept},a hematoxylin and eosin histopathology image showing bone marrow tissue
analysis__tissue_identity__bone_marrow_tissue__t1,analysis,tissue_identity,bone marrow tissue,bone_marrow_tissue,1,an H&E stained histology image showing {concept},an H&E stained histology image showing bone marrow tissue
analysis__tissue_identity__bone_marrow_tissue__t2,analysis,tissue_identity,bone marrow tissue,bone_marrow_tissue,2,a pathology image of tissue with {concept},a pathology image of tissue with bone marrow tissue
analysis__tissue_identity__bone_marrow_tissue__t3,analysis,tissue_identity,bone marrow tissue,bone_marrow_tissue,3,a microscopic histopathology image demonstrating {concept},a microscopic histopathology image demonstrating bone marrow tissue
analysis__tissue_identity__bone_marrow_tissue__t4,analysis,tissue_identity,bone marrow tissue,bone_marrow_tissue,4,a digital pathology image containing {concept},a digital pathology image containing bone marrow tissue
